node,F_t,L,o_t,s_t,Abar,A_t,m_t,O_t,C_t,M_pC_prev,M_pT_prev,M_nC_prev,M_nT_prev,pi_t,M_pC_t,M_pT_t,M_nC_t,M_nT_t,o_t1,s_t1,F_t1,A_t1
0,111,1,0.07869332908111873,1,0.6087976836138147,1.0,0.15609988770813701,1,1,0.0,0.0,0.0,10.5,0.8992027576032708,0.0,0.0,0.0,10.5,0.07869332908111873,1,111,1.0
1,2,0,-0.9146392735758855,-1,0.31515269684665126,0.7388478698438288,-0.9473273000666333,1,1,0.0,0.0,0.0,11.0,0.3961713143385213,0.0,0.0,0.0,11.0,-0.9146392735758855,-1,2,0.7388478698438288
2,7,0,0.9698409520886582,1,0.3052773479474527,0.5076975855196133,0.9588208881488729,0,0,0.0,0.0,0.0,7.0,0.38467557810817016,0.0,0.0,0.0,7.0,0.9698409520886582,1,7,0.5076975855196133
3,5,0,-0.9890697957964641,-1,0.687192920906327,1.0,-0.9622209084082014,1,1,0.0,0.0,0.0,11.0,0.5792902266289527,0.0,0.0,0.0,11.0,-0.9890697957964641,-1,5,1.0
4,99,1,-0.8884665082897216,-1,0.3588270263717225,0.7921603543907496,-0.9424630605645762,1,1,0.0,0.0,0.0,10.0,0.855348448411801,0.0,0.0,0.0,10.0,-0.8884665082897216,-1,99,0.7921603543907496
5,99,1,-0.8694504053296527,-1,0.7479711102211855,1.0,-0.937701747911851,1,1,0.0,0.0,0.0,10.0,0.89578949870763,0.0,0.0,0.0,10.0,-0.8694504053296527,-1,99,1.0
6,94,1,-0.8054557638002635,-1,0.2840332428136944,0.7173343638387997,-0.9188173943952711,1,1,0.0,0.0,0.0,9.5,0.8353824521586833,0.0,0.0,0.0,9.5,-0.8054557638002635,-1,94,0.7173343638387997
7,108,1,-0.7931509666571136,-1,0.6066251686726818,1.0,-0.914376468476592,1,1,0.0,0.0,0.0,10.5,0.8962507411437519,0.0,0.0,0.0,10.5,-0.7931509666571136,-1,108,1.0
8,2,0,-0.9626872177096722,-1,0.6886843256185604,1.0,-0.9575028296588456,1,1,0.0,0.0,0.0,10.5,0.5384585238913221,0.0,0.0,0.0,10.5,-0.9626872177096722,-1,2,1.0
9,5,0,-0.9438598708421988,-1,0.34115383304938707,0.7142481263714519,-0.9537561508171655,1,1,0.0,0.0,0.0,11.0,0.3943510767695064,0.0,0.0,0.0,11.0,-0.9438598708421988,-1,5,0.7142481263714519
10,111,1,-0.8334077321239911,-1,0.36572441807393963,0.7964609297626913,-0.9276859307689405,1,1,0.0,0.0,0.0,9.5,0.8597061251441196,0.0,0.0,0.0,9.5,-0.8334077321239911,-1,111,0.7964609297626913
11,7,0,0.992216790889283,1,0.778711331683521,1.0,0.9627160497542975,1,1,0.0,0.0,0.0,10.5,0.5792902266289527,0.0,0.0,0.0,10.5,0.992216790889283,1,7,1.0
12,103,1,0.9134831208570366,1,0.358758563207695,0.6694601330188166,0.9481646776502297,0,0,0.0,0.0,0.0,10.5,0.8435681449270576,0.0,0.0,0.0,10.5,0.9134831208570366,1,103,0.6694601330188166
13,1,0,-0.9311631820236471,-1,0.45797422994002873,0.872502683579232,-0.9511367946275194,1,1,0.0,0.0,0.0,10.0,0.4487765221389151,0.0,0.0,0.0,10.0,-0.9311631820236471,-1,1,0.872502683579232
14,5,0,-0.9369314025837361,-1,0.4595093559454197,0.8278501364053882,-0.9523372860996651,1,1,0.0,0.0,0.0,10.5,0.45044518982624016,0.0,0.0,0.0,10.5,-0.9369314025837361,-1,5,0.8278501364053882
15,4,0,-0.9453448961952652,-1,0.35182084995781016,0.6192027533828283,-0.9540615737069509,0,0,0.0,0.0,0.0,11.0,0.3819819220053813,0.0,0.0,0.0,11.0,-0.9453448961952652,-1,4,0.6192027533828283
16,2,0,-0.9747544320622228,-1,0.6654746518622543,0.9592847911173527,-0.9597195786158502,0,0,0.0,0.0,0.0,11.0,0.5186546052105948,0.0,0.0,0.0,11.0,-0.9747544320622228,-1,2,0.9592847911173527
17,2,0,-0.9158999153282252,-1,0.6631096059374932,0.9330120689874943,-0.9476692684130477,0,0,0.0,0.0,0.0,10.5,0.49070393298300535,0.0,0.0,0.0,10.5,-0.9158999153282252,-1,2,0.9330120689874943
18,4,0,-0.9486225748898465,-1,0.4269908085342714,0.8366707369541981,-0.9547538951113025,1,1,0.0,0.0,0.0,10.5,0.4473748038451532,0.0,0.0,0.0,10.5,-0.9486225748898465,-1,4,0.8366707369541981
19,2,0,-0.9207682736616554,-1,0.7010754746484402,0.9806452847890642,-0.948744114229412,0,0,0.0,0.0,0.0,11.0,0.5186546052105948,0.0,0.0,0.0,11.0,-0.9207682736616554,-1,2,0.9806452847890642
20,2,0,-0.9651511614196874,-1,0.3278449606394015,0.6169775352946174,-0.9579672959295276,0,0,0.0,0.0,0.0,10.5,0.36490688540710436,0.0,0.0,0.0,10.5,-0.9651511614196874,-1,2,0.6169775352946174
21,3,0,-0.9348847664885731,-1,0.2025834654006072,0.4542258223847124,-0.9518676227042032,0,0,0.0,0.0,0.0,11.0,0.293927338036192,0.0,0.0,0.0,11.0,-0.9348847664885731,-1,3,0.4542258223847124
22,4,0,0.012594082015737487,1,0.5427004172334446,0.9088357768298632,0.025182838559739223,1,1,0.0,0.0,0.0,11.0,0.4504242896102013,0.0,0.0,0.0,11.0,0.012594082015737487,1,4,0.9088357768298632
23,2,0,0.9417988407623307,1,0.7964466634714271,1.0,0.952973802872615,0,0,0.0,0.0,0.0,11.0,0.5186546052105948,0.0,0.0,0.0,11.0,0.9417988407623307,1,2,1.0
24,4,0,0.9544104401643064,1,0.22318658589613077,0.5147875697368796,0.9558052017691023,0,0,0.0,0.0,0.0,8.0,0.395631655127808,0.0,0.0,0.0,8.0,0.9544104401643064,1,4,0.5147875697368796
25,4,0,-0.9580584209183223,-1,0.3247988442250764,0.7374157247732671,-0.9566166633170391,1,1,0.0,0.0,0.0,10.5,0.41915902205937144,0.0,0.0,0.0,10.5,-0.9580584209183223,-1,4,0.7374157247732671
26,4,0,0.9615588151054628,1,0.5113487854922505,0.9005613255811002,0.9571519942826157,1,1,0.0,0.0,0.0,9.0,0.5195804268328538,0.0,0.0,0.0,9.0,0.9615588151054628,1,4,0.9005613255811002
27,2,0,-0.9425416980157005,-1,0.6859644418669224,1.0,-0.9535122786064586,1,1,0.0,0.0,0.0,10.5,0.5186546052105948,0.0,0.0,0.0,10.5,-0.9425416980157005,-1,2,1.0
28,2,0,0.9518786991529951,1,0.25342520304503197,0.5799214183980308,0.9552982509390867,1,1,0.0,0.0,0.0,8.0,0.32782736193600126,0.0,0.0,0.0,8.0,0.9518786991529951,1,2,0.5799214183980308
29,4,0,-0.919130256691755,-1,0.43714079225533664,0.7214059585906513,-0.9484141509748039,0,0,0.0,0.0,0.0,10.5,0.43743123792140814,0.0,0.0,0.0,10.5,-0.919130256691755,-1,4,0.7214059585906513
30,2,0,-0.9584501930172907,-1,0.6482454803779318,1.0,-0.9566923614151072,1,1,0.0,0.0,0.0,10.5,0.5136662725340414,0.0,0.0,0.0,10.5,-0.9584501930172907,-1,2,1.0
31,2,0,-0.926968182168111,-1,0.422925925043817,0.7479351153964605,-0.9501395426991214,0,0,0.0,0.0,0.0,11.0,0.44484068836163104,0.0,0.0,0.0,11.0,-0.926968182168111,-1,2,0.7479351153964605
32,2,0,0.9514635534381491,1,0.31330185228538343,0.5818538935029356,0.9550766787828763,0,0,0.0,0.0,0.0,10.0,0.33784344498765656,0.0,0.0,0.0,10.0,0.9514635534381491,1,2,0.5818538935029356
33,0,0,0.9505096446577164,1,0.3172974964379524,0.5829063740591806,0.9548805419102194,0,0,0.0,0.0,0.0,10.0,0.2781564787858217,0.0,0.0,0.0,10.0,0.9505096446577164,1,0,0.5829063740591806
34,5,0,-0.9205067051603463,-1,0.44602927214899657,0.7386867375377236,-0.948774076213888,0,0,0.0,0.0,0.0,10.0,0.462011140424295,0.0,0.0,0.0,10.0,-0.9205067051603463,-1,5,0.7386867375377236
35,0,0,0.9695045389044094,1,0.48765024488353476,0.7216485967686204,0.9588377644584387,0,0,0.0,0.0,0.0,5.5,0.3943085494306584,0.0,0.0,0.0,5.5,0.9695045389044094,1,0,0.7216485967686204
36,1,0,0.9638405434902501,1,0.7170886506896084,0.930354466579271,0.9576444818113508,0,0,0.0,0.0,0.0,8.0,0.47096832595998744,0.0,0.0,0.0,8.0,0.9638405434902501,1,1,0.930354466579271
37,1,0,-0.9247149426359479,-1,0.5853514511407962,0.9937465103699883,-0.9496776410453556,1,1,0.0,0.0,0.0,10.5,0.47369859294270295,0.0,0.0,0.0,10.5,-0.9247149426359479,-1,1,0.9937465103699883
38,3,0,0.9576331241329032,1,0.6142411727093009,0.8699183199719339,0.9562988219990936,0,0,0.0,0.0,0.0,10.5,0.4707222469737829,0.0,0.0,0.0,10.5,0.9576331241329032,1,3,0.8699183199719339
39,1,0,0.9786046573246633,1,0.7897923029215443,1.0,0.9603086571896886,1,1,0.0,0.0,0.0,10.5,0.4933220958903637,0.0,0.0,0.0,10.5,0.9786046573246633,1,1,1.0
40,2,0,0.9818436173167622,1,0.4471060641805843,0.6820912594615373,0.9609381625110964,0,0,0.0,0.0,0.0,8.5,0.4005623253616413,0.0,0.0,0.0,8.5,0.9818436173167622,1,2,0.6820912594615373
41,4,0,-0.9551492936143072,-1,0.44201264194947704,0.8074638338303084,-0.9560291518603716,1,1,0.0,0.0,0.0,11.0,0.40533766235501345,0.0,0.0,0.0,11.0,-0.9551492936143072,-1,4,0.8074638338303084
42,2,0,-0.9461110237731939,-1,0.7540081806354875,1.0,-0.9542450529322201,1,1,0.0,0.0,0.0,10.5,0.5365779348668462,0.0,0.0,0.0,10.5,-0.9461110237731939,-1,2,1.0
43,2,0,0.9700375803180558,1,0.3475253522030352,0.6247266156604889,0.9588121744172814,0,0,0.0,0.0,0.0,8.0,0.4031407400357665,0.0,0.0,0.0,8.0,0.9700375803180558,1,2,0.6247266156604889
44,5,0,-0.9470588312046176,-1,0.6378891477817201,1.0,-0.9544648478653829,1,1,0.0,0.0,0.0,10.0,0.5616693672347711,0.0,0.0,0.0,10.0,-0.9470588312046176,-1,5,1.0
45,2,0,-0.9531201463913951,-1,0.6527438829308809,0.9316463297585286,-0.9557244216373462,0,0,0.0,0.0,0.0,9.0,0.5186546052105948,0.0,0.0,0.0,9.0,-0.9531201463913951,-1,2,0.9316463297585286
46,4,0,-0.9337327339579553,-1,0.2586727984672659,0.6258246555979696,-0.951619830339836,1,1,0.0,0.0,0.0,11.0,0.33056472249675645,0.0,0.0,0.0,11.0,-0.9337327339579553,-1,4,0.6258246555979696
47,2,0,0.9550112588407482,1,0.48093884341615045,0.8071723536464591,0.9558590976575811,1,1,0.0,0.0,0.0,9.0,0.40573955635136805,0.0,0.0,0.0,9.0,0.9550112588407482,1,2,0.8071723536464591
48,2,0,-0.9108602241007248,-1,0.32033748279293245,0.6025735669630357,-0.9464862228252139,0,0,0.0,0.0,0.0,10.5,0.35464641530014146,0.0,0.0,0.0,10.5,-0.9108602241007248,-1,2,0.6025735669630357
49,6,0,-0.9356768093270543,-1,0.31122516368149145,0.6003040435024866,-0.952070592453719,0,0,0.0,0.0,0.0,10.5,0.4079461993367156,0.0,0.0,0.0,10.5,-0.9356768093270543,-1,6,0.6003040435024866
50,2,0,-0.9384956916556998,-1,0.4782968662777258,0.8678389158935588,-0.9526363074074277,1,1,0.0,0.0,0.0,11.0,0.4300926029140043,0.0,0.0,0.0,11.0,-0.9384956916556998,-1,2,0.8678389158935588
51,4,0,-0.9424709828297383,-1,0.373657824504839,0.6413525688186463,-0.953468706682616,0,0,0.0,0.0,0.0,11.0,0.39163849257715144,0.0,0.0,0.0,11.0,-0.9424709828297383,-1,4,0.6413525688186463
52,2,0,-0.9434370914842961,-1,0.6776362685755226,1.0,-0.9536688364677305,1,1,0.0,0.0,0.0,11.0,0.5186546052105948,0.0,0.0,0.0,11.0,-0.9434370914842961,-1,2,1.0
53,1,0,0.9882524502457379,1,0.7445629348342895,1.0,0.9620239537220522,1,1,0.0,0.0,0.0,11.0,0.5186546052105948,0.0,0.0,0.0,11.0,0.9882524502457379,1,1,1.0
54,2,0,0.9493714362620252,1,0.6816323631730195,1.0,0.9546454156700213,1,1,0.0,0.0,0.0,10.0,0.5047038673184382,0.0,0.0,0.0,10.0,0.9493714362620252,1,2,1.0
55,3,0,0.9647609197182194,1,0.35961852357299917,0.769396400635452,0.9577042504687259,1,1,0.0,0.0,0.0,10.5,0.41772667900817434,0.0,0.0,0.0,10.5,0.9647609197182194,1,3,0.769396400635452
56,4,0,-0.9303700428107198,-1,0.36448063621316507,0.7739077603991132,-0.950889408082171,1,1,0.0,0.0,0.0,11.0,0.45387271928196726,0.0,0.0,0.0,11.0,-0.9303700428107198,-1,4,0.7739077603991132
57,2,0,-0.9270582988892078,-1,0.3528370100704805,0.636603690067558,-0.9504205198313906,0,0,0.0,0.0,0.0,8.0,0.4125847721411067,0.0,0.0,0.0,8.0,-0.9270582988892078,-1,2,0.636603690067558
58,2,0,-0.9399785618196925,-1,0.2810228576337417,0.5460861188779442,-0.9529484960498111,0,0,0.0,0.0,0.0,11.0,0.3215361742220179,0.0,0.0,0.0,11.0,-0.9399785618196925,-1,2,0.5460861188779442
59,2,0,-0.9939331319194461,-1,0.7662790208622268,1.0,-0.9630355130393834,1,1,0.0,0.0,0.0,11.0,0.4933220958903637,0.0,0.0,0.0,11.0,-0.9939331319194461,-1,2,1.0
60,0,0,-0.9566982561649833,-1,0.44122867889424167,0.7079281189620534,-0.9563323737533661,0,0,0.0,0.0,0.0,11.0,0.3261520303588515,0.0,0.0,0.0,11.0,-0.9566982561649833,-1,0,0.7079281189620534
61,1,0,-0.9720387710796039,-1,0.33481368472752426,0.6014792935639681,-0.959227087847625,0,0,0.0,0.0,0.0,11.0,0.3221184281711856,0.0,0.0,0.0,11.0,-0.9720387710796039,-1,1,0.6014792935639681
62,2,0,-0.9826639408797766,-1,0.7080026303049463,0.9747107987954547,-0.9611283344449301,0,0,0.0,0.0,0.0,10.5,0.5073106202075405,0.0,0.0,0.0,10.5,-0.9826639408797766,-1,2,0.9747107987954547
63,4,0,-0.9515140563593856,-1,0.43951718159467434,0.7071404736127033,-0.9553328678465193,0,0,0.0,0.0,0.0,10.5,0.4201385200157039,0.0,0.0,0.0,10.5,-0.9515140563593856,-1,4,0.7071404736127033
64,3,0,0.9701680517489493,1,0.22107008666579997,0.48377054580824164,0.9587238572261236,0,0,0.0,0.0,0.0,11.0,0.31145020113002253,0.0,0.0,0.0,11.0,0.9701680517489493,1,3,0.48377054580824164
65,2,0,-0.9094768161784299,-1,0.29716494214977873,0.6234686733989332,-0.9461044139593772,0,0,0.0,0.0,0.0,11.0,0.3912446866493704,0.0,0.0,0.0,11.0,-0.9094768161784299,-1,2,0.6234686733989332
66,1,0,0.9680438784872363,1,0.5835502042137021,0.8833385472952463,0.9583182636638591,0,0,0.0,0.0,0.0,11.0,0.4632475826770374,0.0,0.0,0.0,11.0,0.9680438784872363,1,1,0.8833385472952463
67,1,0,0.9484826304630174,1,0.6697431645030345,1.0,0.9544274916267401,1,1,0.0,0.0,0.0,10.5,0.45133720975816677,0.0,0.0,0.0,10.5,0.9484826304630174,1,1,1.0
68,1,0,0.9629132301367513,1,0.3265606330932278,0.6345725298265107,0.9573224528417874,0,0,0.0,0.0,0.0,11.0,0.3605793404439183,0.0,0.0,0.0,11.0,0.9629132301367513,1,1,0.6345725298265107
69,1,0,-0.9381386179128525,-1,0.7504373535596853,1.0,-0.9525925414051762,1,1,0.0,0.0,0.0,10.5,0.5186546052105948,0.0,0.0,0.0,10.5,-0.9381386179128525,-1,1,1.0
70,3,0,0.955198997774163,1,0.7105982720312987,0.9787199826212957,0.9558084908699508,0,0,0.0,0.0,0.0,10.5,0.5280201564124849,0.0,0.0,0.0,10.5,0.955198997774163,1,3,0.9787199826212957
71,2,0,0.9664065722240991,1,0.7090284524366486,0.9454170714619892,0.9580853075210414,0,0,0.0,0.0,0.0,9.0,0.5186546052105948,0.0,0.0,0.0,9.0,0.9664065722240991,1,2,0.9454170714619892
72,3,0,-0.9359585784468688,-1,0.33659668807952847,0.708391341037551,-0.9520974756070525,1,1,0.0,0.0,0.0,11.0,0.3671468657026608,0.0,0.0,0.0,11.0,-0.9359585784468688,-1,3,0.708391341037551
73,0,0,0.9536603085367252,1,0.23032159319003465,0.6519724139800614,0.9554957671817915,1,1,0.0,0.0,0.0,10.5,0.2977589533233094,0.0,0.0,0.0,10.5,0.9536603085367252,1,0,0.6519724139800614
74,6,0,0.9540679299814137,1,0.7204541236895503,0.9891814638992223,0.9555507530330366,0,0,0.0,0.0,0.0,11.0,0.5677232340266163,0.0,0.0,0.0,11.0,0.9540679299814137,1,6,0.9891814638992223
75,1,0,-0.9246323549186664,-1,0.38348013724314045,0.7129006103408128,-0.9496591776997668,0,0,0.0,0.0,0.0,10.5,0.4075611136070923,0.0,0.0,0.0,10.5,-0.9246323549186664,-1,1,0.7129006103408128
76,1,0,-0.949735618496547,-1,0.5713498287041157,0.8378831366585567,-0.9549531293436331,0,0,0.0,0.0,0.0,11.0,0.42094784047625544,0.0,0.0,0.0,11.0,-0.949735618496547,-1,1,0.8378831366585567
77,2,0,-0.9572761188253484,-1,0.6559801302204381,0.923438893686981,-0.956465119809896,0,0,0.0,0.0,0.0,10.5,0.48475016679746036,0.0,0.0,0.0,10.5,-0.9572761188253484,-1,2,0.923438893686981
78,2,0,0.06388497993200963,1,0.2769759551066721,0.5843487046891237,0.1270791818801973,0,0,0.0,0.0,0.0,9.5,0.36271193209919994,0.0,0.0,0.0,9.5,0.06388497993200963,1,2,0.5843487046891237
79,1,0,0.945819606567392,1,0.6685030127114289,1.0,0.9539795549380143,1,1,0.0,0.0,0.0,9.0,0.47583635024805615,0.0,0.0,0.0,9.0,0.945819606567392,1,1,1.0
80,2,0,-0.942775770110448,-1,0.7631068753766397,1.0,-0.9535319344365752,1,1,0.0,0.0,0.0,11.0,0.5186546052105948,0.0,0.0,0.0,11.0,-0.942775770110448,-1,2,1.0
81,1,0,-0.9148708632472504,-1,0.6370249794478455,0.9422149876687074,-0.9473815218343353,0,0,0.0,0.0,0.0,11.0,0.4933220958903637,0.0,0.0,0.0,11.0,-0.9148708632472504,-1,1,0.9422149876687074
82,1,0,0.955708550123622,1,0.4647336490883349,0.7714480446507905,0.9559684208335708,0,0,0.0,0.0,0.0,9.5,0.4402918076649064,0.0,0.0,0.0,9.5,0.955708550123622,1,1,0.7714480446507905
83,6,0,0.9589740252311824,1,0.7260068832510218,0.9956041299506132,0.9565666573043642,0,0,0.0,0.0,0.0,10.5,0.5711335578725031,0.0,0.0,0.0,10.5,0.9589740252311824,1,6,0.9956041299506132
84,2,0,0.9735111358401763,1,0.5164745780435354,0.881533483626229,0.9593846040137686,1,1,0.0,0.0,0.0,10.0,0.39548971808388766,0.0,0.0,0.0,10.0,0.9735111358401763,1,2,0.881533483626229
85,3,0,0.9657609210356585,1,0.6468625566900525,0.8944089362348282,0.9579184555193228,0,0,0.0,0.0,0.0,10.0,0.49872122785656386,0.0,0.0,0.0,10.0,0.9657609210356585,1,3,0.8944089362348282
86,1,0,-0.9449987220180924,-1,0.6923035663151625,1.0,-0.9539905531352796,1,1,0.0,0.0,0.0,11.0,0.4933220958903637,0.0,0.0,0.0,11.0,-0.9449987220180924,-1,1,1.0
87,1,0,0.9722976596681472,1,0.6496117170194036,1.0,0.959142206774374,1,1,0.0,0.0,0.0,10.5,0.4528157461396245,0.0,0.0,0.0,10.5,0.9722976596681472,1,1,1.0
88,1,0,-0.9288727364075203,-1,0.3727129256288924,0.6456373669336832,-0.9505607239320988,0,0,0.0,0.0,0.0,11.0,0.34351480005064366,0.0,0.0,0.0,11.0,-0.9288727364075203,-1,1,0.6456373669336832
89,3,0,0.9620554713318235,1,0.2707063405434987,0.6347818067652727,0.9571760856847689,1,1,0.0,0.0,0.0,10.5,0.31653623551920845,0.0,0.0,0.0,10.5,0.9620554713318235,1,3,0.6347818067652727
90,0,0,0.07741884205150243,1,0.3430031176172361,0.6049811244216927,0.15361204043289012,0,0,0.0,0.0,0.0,10.5,0.284205945289767,0.0,0.0,0.0,10.5,0.07741884205150243,1,0,0.6049811244216927
91,3,0,-0.9323231630243253,-1,0.501724962188212,0.866572208043925,-0.9515078384469339,1,1,0.0,0.0,0.0,8.5,0.45301184580134796,0.0,0.0,0.0,8.5,-0.9323231630243253,-1,3,0.866572208043925
92,1,0,-0.967492194402536,-1,0.5031661533758576,0.8264197542846654,-0.9584039891881188,0,0,0.0,0.0,0.0,10.5,0.4535411694811723,0.0,0.0,0.0,10.5,-0.967492194402536,-1,1,0.8264197542846654
93,1,0,-0.9219668580714446,-1,0.5495866095887226,0.8168789929326655,-0.9490597219866358,0,0,0.0,0.0,0.0,10.5,0.41225730377001485,0.0,0.0,0.0,10.5,-0.9219668580714446,-1,1,0.8168789929326655
94,1,0,-0.9579788101134895,-1,0.43706110252873454,0.8659195281623754,-0.9566012651297838,1,1,0.0,0.0,0.0,10.5,0.45542514808554735,0.0,0.0,0.0,10.5,-0.9579788101134895,-1,1,0.8659195281623754
95,4,0,0.9610016831863903,1,0.6721348288700166,1.0,0.9569455195455235,1,1,0.0,0.0,0.0,11.0,0.5186546052105948,0.0,0.0,0.0,11.0,0.9610016831863903,1,4,1.0
96,1,0,0.972885966004268,1,0.7478922502083247,1.0,0.9593578374740677,1,1,0.0,0.0,0.0,7.5,0.4933220958903637,0.0,0.0,0.0,7.5,0.972885966004268,1,1,1.0
97,2,0,-0.9413555745390729,-1,0.3480350320876828,0.7547299320015348,-0.9532365997395549,1,1,0.0,0.0,0.0,11.0,0.39203723388629685,0.0,0.0,0.0,11.0,-0.9413555745390729,-1,2,0.7547299320015348
98,2,0,0.9510403978042001,1,0.6419139306211329,0.9886030511613089,0.9549279844904305,1,1,0.0,0.0,0.0,11.0,0.4869793434318997,0.0,0.0,0.0,11.0,0.9510403978042001,1,2,0.9886030511613089
99,2,0,-0.9388157686178934,-1,0.6067831115270268,0.960689463871935,-0.9527676130081277,1,1,0.0,0.0,0.0,10.0,0.44755393786637,0.0,0.0,0.0,10.0,-0.9388157686178934,-1,2,0.960689463871935
100,2,0,-0.9339205592515955,-1,0.513854299567589,0.8269406122420752,-0.9516603146696788,0,0,0.0,0.0,0.0,11.0,0.4721486639458202,0.0,0.0,0.0,11.0,-0.9339205592515955,-1,2,0.8269406122420752
101,3,0,0.9529835003394318,1,0.31311814032449614,0.6768548890720769,0.9555201691984105,1,1,0.0,0.0,0.0,8.0,0.39102674584223734,0.0,0.0,0.0,8.0,0.9529835003394318,1,3,0.6768548890720769
102,1,0,-0.9107995087077546,-1,0.6771393551496259,1.0,-0.9464203397340891,1,1,0.0,0.0,0.0,11.0,0.4933220958903637,0.0,0.0,0.0,11.0,-0.9107995087077546,-1,1,1.0
103,1,0,0.9767336493433958,1,0.7763757713772996,1.0,0.9599932464811692,1,1,0.0,0.0,0.0,9.5,0.4933220958903637,0.0,0.0,0.0,9.5,0.9767336493433958,1,1,1.0
104,2,0,-0.9385565436695549,-1,0.6331017993401682,0.939861079604101,-0.9526491582590754,0,0,0.0,0.0,0.0,11.0,0.5186546052105948,0.0,0.0,0.0,11.0,-0.9385565436695549,-1,2,0.939861079604101
105,5,0,0.9651812504132984,1,0.7507159979754405,1.0,0.9578285672205143,1,1,0.0,0.0,0.0,9.5,0.5616693672347711,0.0,0.0,0.0,9.5,0.9651812504132984,1,5,1.0
106,1,0,0.014467416737836861,1,0.7905111589687999,1.0,0.02892676119430686,0,0,0.0,0.0,0.0,10.0,0.4933220958903637,0.0,0.0,0.0,10.0,0.014467416737836861,1,1,1.0
107,2,0,0.9556706512115583,1,0.411230404543543,0.676894098226981,0.9559318222661422,0,0,0.0,0.0,0.0,10.0,0.3752766139779018,0.0,0.0,0.0,10.0,0.9556706512115583,1,2,0.676894098226981
108,1,0,-0.9272404563763961,-1,0.5829341317558022,0.9721421467269356,-0.9502796791801408,1,1,0.0,0.0,0.0,10.0,0.4511573297130355,0.0,0.0,0.0,10.0,-0.9272404563763961,-1,1,0.9721421467269356
109,3,0,-0.9117249717690913,-1,0.48435964258284686,0.8404424812961288,-0.9468556228234952,1,1,0.0,0.0,0.0,9.0,0.43555883243390614,0.0,0.0,0.0,9.0,-0.9117249717690913,-1,3,0.8404424812961288
110,5,0,-0.9086811721506068,-1,0.7919772481179381,1.0,-0.9459666817506881,1,1,0.0,0.0,0.0,10.5,0.5792902266289527,0.0,0.0,0.0,10.5,-0.9086811721506068,-1,5,1.0
111,2,0,-0.9392164986426622,-1,0.25628469440463497,0.5231253446886592,-0.9528193225498682,0,0,0.0,0.0,0.0,10.5,0.31361952569957374,0.0,0.0,0.0,10.5,-0.9392164986426622,-1,2,0.5231253446886592
112,1,0,0.9488488328484189,1,0.4474249485783348,0.6903389782365638,0.9546074594605658,0,0,0.0,0.0,0.0,9.0,0.36395590697972374,0.0,0.0,0.0,9.0,0.9488488328484189,1,1,0.6903389782365638
113,0,0,0.9584166912197272,1,0.7253234267163418,1.0,0.9565082545788779,1,1,0.0,0.0,0.0,9.5,0.4480257472921201,0.0,0.0,0.0,9.5,0.9584166912197272,1,0,1.0
114,2,0,0.9512478492502989,1,0.3704307863159093,0.7506598712604922,0.9550324000259068,1,1,0.0,0.0,0.0,10.0,0.4147765411525931,0.0,0.0,0.0,10.0,0.9512478492502989,1,2,0.7506598712604922
115,2,0,0.9703137807930615,1,0.6726757103833236,0.9170475967219919,0.9587515409454581,0,0,0.0,0.0,0.0,11.0,0.46633671237335805,0.0,0.0,0.0,11.0,0.9703137807930615,1,2,0.9170475967219919
116,1,0,0.9700661737409572,1,0.42966989766815344,0.6319471085697353,0.9588623810316271,0,0,0.0,0.0,0.0,7.0,0.35593307039351746,0.0,0.0,0.0,7.0,0.9700661737409572,1,1,0.6319471085697353
117,1,0,-0.9349607314029291,-1,0.787987123934095,1.0,-0.951883918536428,1,1,0.0,0.0,0.0,11.0,0.4933220958903637,0.0,0.0,0.0,11.0,-0.9349607314029291,-1,1,1.0
118,2,0,0.953678307282551,1,0.7301179018542245,1.0,0.9557338365659049,1,1,0.0,0.0,0.0,7.0,0.49245410525357625,0.0,0.0,0.0,7.0,0.953678307282551,1,2,1.0
119,5,0,-0.9331901671468534,-1,0.38079221459756923,0.7012285127388592,-0.9515740287107889,0,0,0.0,0.0,0.0,10.0,0.46389524847558355,0.0,0.0,0.0,10.0,-0.9331901671468534,-1,5,0.7012285127388592
120,1,0,-0.9095518488346125,-1,0.6621158681227132,1.0,-0.9461748587611252,1,1,0.0,0.0,0.0,10.5,0.46167731748968904,0.0,0.0,0.0,10.5,-0.9095518488346125,-1,1,1.0
121,3,0,-0.9331866222556939,-1,0.40211392629996123,0.733990193309779,-0.9515019321475168,0,0,0.0,0.0,0.0,11.0,0.4610346349495874,0.0,0.0,0.0,11.0,-0.9331866222556939,-1,3,0.733990193309779
122,4,0,0.97539972196504,1,0.5638177041293211,0.9868871773989933,0.9597489629787045,1,1,0.0,0.0,0.0,9.5,0.5237965302297252,0.0,0.0,0.0,9.5,0.97539972196504,1,4,0.9868871773989933
123,1,0,0.9554578536047235,1,0.5950884610359752,0.9170530766215852,0.9558338386973756,0,0,0.0,0.0,0.0,11.0,0.4933220958903637,0.0,0.0,0.0,11.0,0.9554578536047235,1,1,0.9170530766215852
124,0,0,-0.9179207018132707,-1,0.697757245451423,0.9644332381760715,-0.9480905286868144,0,0,0.0,0.0,0.0,11.0,0.43438190576724434,0.0,0.0,0.0,11.0,-0.9179207018132707,-1,0,0.9644332381760715
125,1,0,0.9658855951533546,1,0.21467050452920894,0.5185842874958513,0.9579021625697977,0,0,0.0,0.0,0.0,11.0,0.31159044965081184,0.0,0.0,0.0,11.0,0.9658855951533546,1,1,0.5185842874958513
126,2,0,-0.9797313532395955,-1,0.33209473469137984,0.691855164257985,-0.9606157387702391,1,1,0.0,0.0,0.0,10.5,0.37628007637254496,0.0,0.0,0.0,10.5,-0.9797313532395955,-1,2,0.691855164257985
127,0,0,-0.9777507005847274,-1,0.6271506863531473,0.9316922771418449,-0.9602561984797924,0,0,0.0,0.0,0.0,11.0,0.4450499452142563,0.0,0.0,0.0,11.0,-0.9777507005847274,-1,0,0.9316922771418449
128,1,0,0.9577799475752339,1,0.5381139421817225,0.850958228265389,0.9563545533499145,0,0,0.0,0.0,0.0,10.0,0.4575254099738692,0.0,0.0,0.0,10.0,0.9577799475752339,1,1,0.850958228265389
129,1,0,-0.9010126836140324,-1,0.4973630469206859,0.9114553128198568,-0.9440990436417696,1,1,0.0,0.0,0.0,10.5,0.4407683032118102,0.0,0.0,0.0,10.5,-0.9010126836140324,-1,1,0.9114553128198568
130,7,0,0.06911730173491765,1,0.2331259740247883,0.5146255150267113,0.13736078254413536,0,0,0.0,0.0,0.0,11.0,0.37431135435820667,0.0,0.0,0.0,11.0,0.06911730173491765,1,7,0.5146255150267113
131,0,0,-0.9557456228991387,-1,0.40896553007687375,0.7730994892633678,-0.9561671418137944,1,1,0.0,0.0,0.0,10.5,0.3110405278884168,0.0,0.0,0.0,10.5,-0.9557456228991387,-1,0,0.7730994892633678
132,5,0,-0.9138330278939099,-1,0.7190601391463891,1.0,-0.947187185791564,1,1,0.0,0.0,0.0,10.5,0.5450719199408367,0.0,0.0,0.0,10.5,-0.9138330278939099,-1,5,1.0
133,1,0,0.9834227009952677,1,0.21853570222161933,0.5821887532702825,0.9611776906172949,1,1,0.0,0.0,0.0,10.5,0.2754967908519234,0.0,0.0,0.0,10.5,0.9834227009952677,1,1,0.5821887532702825
134,2,0,0.956323327158849,1,0.4378617412188873,0.7267105342352437,0.9560092185927034,0,0,0.0,0.0,0.0,11.0,0.41159485591874595,0.0,0.0,0.0,11.0,0.956323327158849,1,2,0.7267105342352437
135,4,0,0.09199609659543609,1,0.7670889726024637,1.0,0.1819436909711001,1,1,0.0,0.0,0.0,10.5,0.5504179383152993,0.0,0.0,0.0,10.5,0.09199609659543609,1,4,1.0
136,2,0,-0.9350881593713453,-1,0.2305284407270088,0.5435958266088556,-0.9519799779279657,0,0,0.0,0.0,0.0,10.0,0.34941934930552904,0.0,0.0,0.0,10.0,-0.9350881593713453,-1,2,0.5435958266088556
137,5,0,-0.9258548681639232,-1,0.6498234506267822,1.0,-0.9498917225394348,1,1,0.0,0.0,0.0,11.0,0.5393557190314798,0.0,0.0,0.0,11.0,-0.9258548681639232,-1,5,1.0
138,1,0,-0.9792689842344382,-1,0.3545675697092219,0.7226947770004554,-0.9605254370940521,1,1,0.0,0.0,0.0,11.0,0.33138686575853704,0.0,0.0,0.0,11.0,-0.9792689842344382,-1,1,0.7226947770004554
139,3,0,0.0901741473224062,1,0.7199652992922037,0.9719791795753222,0.17841809643517467,0,0,0.0,0.0,0.0,9.5,0.5365779348668462,0.0,0.0,0.0,9.5,0.0901741473224062,1,3,0.9719791795753222
140,1,0,0.9583323545019827,1,0.6476407873756191,1.0,0.9564646063512559,1,1,0.0,0.0,0.0,10.0,0.4499513977835162,0.0,0.0,0.0,10.0,0.9583323545019827,1,1,1.0
141,1,0,-0.9666223878987057,-1,0.7314231025150177,0.9983954061126149,-0.9582271457476782,0,0,0.0,0.0,0.0,11.0,0.492806432856976,0.0,0.0,0.0,11.0,-0.9666223878987057,-1,1,0.9983954061126149
142,3,0,-0.932508846618829,-1,0.3295548742587596,0.6158978333989754,-0.9513906720531492,0,0,0.0,0.0,0.0,10.5,0.37949686527167836,0.0,0.0,0.0,10.5,-0.932508846618829,-1,3,0.6158978333989754
143,2,0,-0.9502086686759899,-1,0.518775652891163,0.8099263802523181,-0.9550723867801775,0,0,0.0,0.0,0.0,10.5,0.4498263145513334,0.0,0.0,0.0,10.5,-0.9502086686759899,-1,2,0.8099263802523181
144,1,0,-0.945246094591371,-1,0.6675619661448805,1.0,-0.954068527216316,1,1,0.0,0.0,0.0,10.5,0.46491786272400343,0.0,0.0,0.0,10.5,-0.945246094591371,-1,1,1.0
145,1,0,0.08555716603204287,1,0.3474198457969886,0.6312738056639138,0.16946358062875186,0,0,0.0,0.0,0.0,10.0,0.36493347904729134,0.0,0.0,0.0,10.0,0.08555716603204287,1,1,0.6312738056639138
146,2,0,-0.9755127373577153,-1,0.3384477831603302,0.7029555672691892,-0.9598560551297515,1,1,0.0,0.0,0.0,11.0,0.34392400981657867,0.0,0.0,0.0,11.0,-0.9755127373577153,-1,2,0.7029555672691892
147,3,0,0.9518918388570442,1,0.21630928009855102,0.485663056883194,0.9551336712057867,0,0,0.0,0.0,0.0,10.5,0.31605144323280376,0.0,0.0,0.0,10.5,0.9518918388570442,1,3,0.485663056883194
148,0,0,0.961997461290199,1,0.7751091763852715,1.0,0.9571422791141411,0,0,0.0,0.0,0.0,11.0,0.45016600268752216,0.0,0.0,0.0,11.0,0.961997461290199,1,0,1.0
149,2,0,-0.9185723859886086,-1,0.6260101280327741,0.9804637843217185,-0.9482408178832923,1,1,0.0,0.0,0.0,11.0,0.45673664565630095,0.0,0.0,0.0,11.0,-0.9185723859886086,-1,2,0.9804637843217185
150,5,0,-0.9887792384815154,-1,0.581336212406111,0.8306507667444362,-0.9621860752626976,0,0,0.0,0.0,0.0,9.5,0.4965651900731292,0.0,0.0,0.0,9.5,-0.9887792384815154,-1,5,0.8306507667444362
151,3,0,-0.9496207482647294,-1,0.6463968336169946,1.0,-0.9549545871530765,1,1,0.0,0.0,0.0,10.5,0.5105263170857224,0.0,0.0,0.0,10.5,-0.9496207482647294,-1,3,1.0
152,0,0,0.9667727791900297,1,0.5189677512172637,0.869007808704533,0.9581334586643976,1,1,0.0,0.0,0.0,9.5,0.4019393427034168,0.0,0.0,0.0,9.5,0.9667727791900297,1,0,0.869007808704533
153,1,0,-0.9977537719053532,-1,0.4856802926542463,0.7928872554339372,-0.9636633566844801,0,0,0.0,0.0,0.0,11.0,0.4279898279805294,0.0,0.0,0.0,11.0,-0.9977537719053532,-1,1,0.7928872554339372
154,1,0,-0.9239033632372831,-1,0.4697193446741126,0.7439618101797371,-0.9495838269120269,0,0,0.0,0.0,0.0,9.5,0.4068199462846794,0.0,0.0,0.0,9.5,-0.9239033632372831,-1,1,0.7439618101797371
155,1,0,-0.9513993291537798,-1,0.5842635272621848,0.8546788094596429,-0.955286518379582,0,0,0.0,0.0,0.0,11.0,0.4309024608580106,0.0,0.0,0.0,11.0,-0.9513993291537798,-1,1,0.8546788094596429
156,5,0,0.9596937848062607,1,0.32092098523542995,0.5970098527023651,0.9570172306832839,1,1,0.0,0.0,0.0,5.5,0.34448543026833006,0.0,0.0,0.0,5.5,0.9596937848062607,1,5,0.5970098527023651
157,1,0,-0.9338965989594958,-1,0.7328352170089218,1.0,-0.9516896667883383,1,1,0.0,0.0,0.0,10.5,0.4933220958903637,0.0,0.0,0.0,10.5,-0.9338965989594958,-1,1,1.0
158,2,0,0.9420480822152899,1,0.6870514227315592,0.9522308536389356,0.9531037157888872,0,0,0.0,0.0,0.0,10.0,0.5186546052105948,0.0,0.0,0.0,10.0,0.9420480822152899,1,2,0.9522308536389356
159,3,0,0.9542846328094738,1,0.40973816687122033,0.7835816075348181,0.9556229149266591,1,1,0.0,0.0,0.0,10.5,0.400447174792261,0.0,0.0,0.0,10.5,0.9542846328094738,1,3,0.7835816075348181
160,4,0,0.9788101561069116,1,0.5471655780875146,0.9542899134883589,0.9603345235411734,1,1,0.0,0.0,0.0,11.0,0.498382790674819,0.0,0.0,0.0,11.0,0.9788101561069116,1,4,0.9542899134883589
161,4,0,-0.9234924397163605,-1,0.28461637997000877,0.5698061561674352,-0.9493618720440253,0,0,0.0,0.0,0.0,11.0,0.3723900507618038,0.0,0.0,0.0,11.0,-0.9234924397163605,-1,4,0.5698061561674352
162,5,0,0.9487331425579208,1,0.783407748760159,1.0,0.9544797499079767,1,1,0.0,0.0,0.0,10.5,0.5616693672347711,0.0,0.0,0.0,10.5,0.9487331425579208,1,5,1.0
163,2,0,-0.960576619977551,-1,0.7417356125781702,1.0,-0.9571200200585314,0,0,0.0,0.0,0.0,10.0,0.5186546052105948,0.0,0.0,0.0,10.0,-0.960576619977551,-1,2,1.0
164,0,0,0.9649523557857161,1,0.7531385038995204,0.9886363432755972,0.9578074433109312,0,0,0.0,0.0,0.0,9.0,0.44655237799066005,0.0,0.0,0.0,9.0,0.9649523557857161,1,0,0.9886363432755972
165,5,0,-0.9356621615609098,-1,0.39929782862207097,0.6855717839651624,-0.9520674701416619,0,0,0.0,0.0,0.0,10.5,0.4341125825333794,0.0,0.0,0.0,10.5,-0.9356621615609098,-1,5,0.6855717839651624
166,1,0,-0.9306878374336066,-1,0.30148082442971347,0.5905491101812971,-0.9509588948660519,0,0,0.0,0.0,0.0,11.0,0.331094173645251,0.0,0.0,0.0,11.0,-0.9306878374336066,-1,1,0.5905491101812971
167,1,0,-0.9135236363579873,-1,0.32706329807978624,0.6161979377810478,-0.9470653348605629,0,0,0.0,0.0,0.0,11.0,0.3414378133492885,0.0,0.0,0.0,11.0,-0.9135236363579873,-1,1,0.6161979377810478
168,1,0,-0.9613314222132741,-1,0.2540008346270539,0.5171098644375443,-0.9573032972421804,0,0,0.0,0.0,0.0,9.0,0.3067152390133321,0.0,0.0,0.0,9.0,-0.9613314222132741,-1,1,0.5171098644375443
169,1,0,0.02949408321468052,1,0.2720663780608306,0.5264626175363357,0.05891984304084525,0,0,0.0,0.0,0.0,9.0,0.30529460255216767,0.0,0.0,0.0,9.0,0.02949408321468052,1,1,0.5264626175363357
170,3,0,0.9609533034771321,1,0.24278272051090727,0.5044596112093434,0.9569830766573231,0,0,0.0,0.0,0.0,10.0,0.3188913248907519,0.0,0.0,0.0,10.0,0.9609533034771321,1,3,0.5044596112093434
171,3,0,0.9493745078890695,1,0.7938938415229242,1.0,0.9546801102589508,1,1,0.0,0.0,0.0,9.5,0.5365779348668462,0.0,0.0,0.0,9.5,0.9493745078890695,1,3,1.0
172,1,0,-0.9626079070518623,-1,0.24443461002144418,0.5080652226420908,-0.9574705671813967,0,0,0.0,0.0,0.0,11.0,0.28487779404382,0.0,0.0,0.0,11.0,-0.9626079070518623,-1,1,0.5080652226420908
173,1,0,-0.9218597740485199,-1,0.2795252485708482,0.6489153418327751,-0.9489925094426835,1,1,0.0,0.0,0.0,11.0,0.3033676547843239,0.0,0.0,0.0,11.0,-0.9218597740485199,-1,1,0.6489153418327751
174,2,0,0.9573930495114955,1,0.6963527573544419,1.0,0.9562506986878224,1,1,0.0,0.0,0.0,10.5,0.4933220958903637,0.0,0.0,0.0,10.5,0.9573930495114955,1,2,1.0
175,4,0,-0.9724810615813287,-1,0.5481441300457659,0.8746195059270887,-0.9593076982198516,0,0,0.0,0.0,0.0,11.0,0.5344846906809169,0.0,0.0,0.0,11.0,-0.9724810615813287,-1,4,0.8746195059270887
176,2,0,-0.9506614830710259,-1,0.6646503227415995,1.0,-0.9551629104410515,1,1,0.0,0.0,0.0,10.5,0.5365779348668462,0.0,0.0,0.0,10.5,-0.9506614830710259,-1,2,1.0
177,1,0,0.9565994604860515,1,0.5785472046635931,0.8775201835651232,0.9560650309753845,0,0,0.0,0.0,0.0,11.0,0.460097577688722,0.0,0.0,0.0,11.0,0.9565994604860515,1,1,0.8775201835651232
178,2,0,0.9443306556838196,1,0.729305042197369,0.988012958565268,0.9535527849032915,0,0,0.0,0.0,0.0,10.5,0.5078962863875043,0.0,0.0,0.0,10.5,0.9443306556838196,1,2,0.988012958565268
179,1,0,0.9463274842197388,1,0.5830805166588444,0.7911993988317022,0.9543043231648252,0,0,0.0,0.0,0.0,6.5,0.42784883056954165,0.0,0.0,0.0,6.5,0.9463274842197388,1,1,0.7911993988317022
180,2,0,0.978654295502114,1,0.5132750557418906,0.7751009210897754,0.960448719026509,0,0,0.0,0.0,0.0,6.0,0.48169932044341135,0.0,0.0,0.0,6.0,0.978654295502114,1,2,0.7751009210897754
181,1,0,0.9556359355698872,1,0.6276498162567798,0.8970219809606063,0.9559248314185137,0,0,0.0,0.0,0.0,10.0,0.44898592971255724,0.0,0.0,0.0,10.0,0.9556359355698872,1,1,0.8970219809606063
182,0,0,0.951255326556724,1,0.46843565107526575,0.6703988199318269,0.9552948659233034,0,0,0.0,0.0,0.0,6.5,0.33225989196258254,0.0,0.0,0.0,6.5,0.951255326556724,1,0,0.6703988199318269
183,0,0,0.9968501830499717,1,0.4076382937428409,0.6769428970016447,0.963502357676578,0,0,0.0,0.0,0.0,10.5,0.3155323097982948,0.0,0.0,0.0,10.5,0.9968501830499717,1,0,0.6769428970016447
184,6,0,-0.9158474756124086,-1,0.48059147147012754,0.9097024002544074,-0.9477577419228701,1,1,0.0,0.0,0.0,9.5,0.5437304743298969,0.0,0.0,0.0,9.5,-0.9158474756124086,-1,6,0.9097024002544074
185,1,0,-0.9415141287506709,-1,0.3018284630591364,0.708660975489847,-0.9532696622903741,1,1,0.0,0.0,0.0,11.0,0.37254610589810583,0.0,0.0,0.0,11.0,-0.9415141287506709,-1,1,0.708660975489847
186,3,0,0.9458284301014923,1,0.6779430378816149,1.0,0.9541539963579407,1,1,0.0,0.0,0.0,7.0,0.5616693672347711,0.0,0.0,0.0,7.0,0.9458284301014923,1,3,1.0
187,1,0,0.9428151588658139,1,0.3564222688015668,0.633831629907744,0.9532294456063842,0,0,0.0,0.0,0.0,10.5,0.3414563404589457,0.0,0.0,0.0,10.5,0.9428151588658139,1,1,0.633831629907744
188,2,0,-0.9280223653790844,-1,0.2921189278022285,0.5992871699309081,-0.9503730994623891,0,0,0.0,0.0,0.0,11.0,0.3688215352620687,0.0,0.0,0.0,11.0,-0.9280223653790844,-1,2,0.5992871699309081
189,1,0,-0.9473641756954717,-1,0.3478113450699361,0.6398761665576532,-0.9545265602791895,0,0,0.0,0.0,0.0,10.0,0.352889729355315,0.0,0.0,0.0,10.0,-0.9473641756954717,-1,1,0.6398761665576532
190,1,0,0.9895089112699816,1,0.7052420910633439,0.9537065972352899,0.9622665564465546,0,0,0.0,0.0,0.0,9.0,0.48271010568715367,0.0,0.0,0.0,9.0,0.9895089112699816,1,1,0.9537065972352899
191,3,0,0.950625061801767,1,0.3981207773586388,0.7913298038869121,0.9549373503405901,1,1,0.0,0.0,0.0,9.5,0.4384713333851168,0.0,0.0,0.0,9.5,0.950625061801767,1,3,0.7913298038869121
192,3,0,-0.9392357759395616,-1,0.6116299217035401,0.8814121957079296,-0.9528233687534452,0,0,0.0,0.0,0.0,10.5,0.48538608411700607,0.0,0.0,0.0,10.5,-0.9392357759395616,-1,3,0.8814121957079296
193,3,0,0.9619518807424102,1,0.7138457783934435,0.9483074670360662,0.9573110356903087,0,0,0.0,0.0,0.0,7.5,0.5365779348668462,0.0,0.0,0.0,7.5,0.9619518807424102,1,3,0.9483074670360662
194,2,0,-0.9150115279343105,-1,0.2466468001550253,0.5563399893553321,-0.9474625871407438,0,0,0.0,0.0,0.0,10.5,0.35256957985005705,0.0,0.0,0.0,10.5,-0.9150115279343105,-1,2,0.5563399893553321
195,5,0,-0.9217083193675734,-1,0.6590146431068258,1.0,-0.9491410329023212,1,1,0.0,0.0,0.0,9.0,0.5504179383152993,0.0,0.0,0.0,9.0,-0.9217083193675734,-1,5,1.0
196,0,0,0.9506170296553349,1,0.38459927982741804,0.6301627407287682,0.9548708689454262,0,0,0.0,0.0,0.0,10.5,0.2844109760753018,0.0,0.0,0.0,10.5,0.9506170296553349,1,0,0.6301627407287682
197,4,0,-0.9568495241865068,-1,0.3299734185104256,0.6970778539346726,-0.9563618758862988,1,1,0.0,0.0,0.0,11.0,0.3595070568432052,0.0,0.0,0.0,11.0,-0.9568495241865068,-1,4,0.6970778539346726
198,0,0,0.9491169541057515,1,0.6133408714717834,1.0,0.9545597017184786,1,1,0.0,0.0,0.0,10.5,0.45016600268752216,0.0,0.0,0.0,10.5,0.9491169541057515,1,0,1.0
199,1,0,0.9818625642290006,1,0.7458779736399404,1.0,0.9608885680906956,1,1,0.0,0.0,0.0,11.0,0.513047358249737,0.0,0.0,0.0,11.0,0.9818625642290006,1,1,1.0
200,3,0,0.9565093288305407,1,0.3770115252274373,0.7282193232044448,0.9560468210762564,1,1,0.0,0.0,0.0,11.0,0.3625367977071068,0.0,0.0,0.0,11.0,0.9565093288305407,1,3,0.7282193232044448
201,3,0,-0.9294196758574009,-1,0.5413002832305915,0.873092862521058,-0.9507186094303812,0,0,0.0,0.0,0.0,10.5,0.5234778988049713,0.0,0.0,0.0,10.5,-0.9294196758574009,-1,3,0.873092862521058
202,0,0,-0.9314033449924767,-1,0.3739004683096949,0.7803901788411408,-0.9511511984131389,1,1,0.0,0.0,0.0,10.5,0.3389951314123069,0.0,0.0,0.0,10.5,-0.9314033449924767,-1,0,0.7803901788411408
203,5,0,-0.9264713708050197,-1,0.5325713514358568,0.8068835535112335,-0.9500687503638517,0,0,0.0,0.0,0.0,10.5,0.48025357798978396,0.0,0.0,0.0,10.5,-0.9264713708050197,-1,5,0.8068835535112335
204,4,0,-0.919493774763525,-1,0.5731172183926043,0.977174957781302,-0.9485437862441347,1,1,0.0,0.0,0.0,10.0,0.5205459985552174,0.0,0.0,0.0,10.0,-0.919493774763525,-1,4,0.977174957781302
205,2,0,-0.9293507056561197,-1,0.566201233274108,0.8331092548905364,-0.9507035017606125,0,0,0.0,0.0,0.0,10.5,0.4439617663199274,0.0,0.0,0.0,10.5,-0.9293507056561197,-1,2,0.8331092548905364
206,3,0,0.9616774399617277,1,0.5741278217856476,0.9368601691341747,0.9572015878843482,1,1,0.0,0.0,0.0,8.5,0.5055745771433198,0.0,0.0,0.0,8.5,0.9616774399617277,1,3,0.9368601691341747
207,2,0,-0.9656386924705763,-1,0.28104787533051445,0.6614317326745913,-0.9580586076547163,1,1,0.0,0.0,0.0,10.5,0.3145139599586603,0.0,0.0,0.0,10.5,-0.9656386924705763,-1,2,0.6614317326745913
208,6,0,0.9617989600473931,1,0.6161242817520318,0.9581991691068911,0.9571256753155237,1,1,0.0,0.0,0.0,10.5,0.4912104649380651,0.0,0.0,0.0,10.5,0.9617989600473931,1,6,0.9581991691068911
209,1,0,-0.9262365383975238,-1,0.604850213828134,0.9197398001431334,-0.9499768160135301,0,0,0.0,0.0,0.0,11.0,0.48975651309182,0.0,0.0,0.0,11.0,-0.9262365383975238,-1,1,0.9197398001431334
210,2,0,0.9513260018357147,1,0.60955287333013,0.9328702607590643,0.9551499627354435,1,1,0.0,0.0,0.0,8.5,0.45928447674422035,0.0,0.0,0.0,8.5,0.9513260018357147,1,2,0.9328702607590643
211,2,0,-0.9528033126305568,-1,0.24444233164322382,0.5577401918641725,-0.9556122582690206,0,0,0.0,0.0,0.0,10.0,0.35537152309551673,0.0,0.0,0.0,10.0,-0.9528033126305568,-1,2,0.5577401918641725
212,2,0,0.9657344439712955,1,0.4681033054484916,0.7260467319847322,0.9579133589961899,0,0,0.0,0.0,0.0,10.0,0.41289373885055225,0.0,0.0,0.0,10.0,0.9657344439712955,1,2,0.7260467319847322
213,5,0,0.9627660597491197,1,0.4454210792274379,0.8167969605966343,0.9573154300986719,1,1,0.0,0.0,0.0,10.5,0.4132667543762083,0.0,0.0,0.0,10.5,0.9627660597491197,1,5,0.8167969605966343
214,2,0,0.9647695201381463,1,0.2520268901859195,0.5422425506600995,0.9577059192611752,0,0,0.0,0.0,0.0,10.5,0.33498406185465485,0.0,0.0,0.0,10.5,0.9647695201381463,1,2,0.5422425506600995
215,2,0,-0.9597086367030996,-1,0.33342075673808647,0.756240092628966,-0.9569346447908565,1,1,0.0,0.0,0.0,10.5,0.4031150071666872,0.0,0.0,0.0,10.5,-0.9597086367030996,-1,2,0.756240092628966
216,5,0,0.9601144842774512,1,0.4645775790788221,0.6848330951841654,0.9568700153894267,0,0,0.0,0.0,0.0,9.0,0.41225025637841356,0.0,0.0,0.0,9.0,0.9601144842774512,1,5,0.6848330951841654
217,2,0,0.9442897176699755,1,0.6457437859148494,1.0,0.953508509893251,1,1,0.0,0.0,0.0,11.0,0.5186546052105948,0.0,0.0,0.0,11.0,0.9442897176699755,1,2,1.0
218,3,0,-0.9636163578399995,-1,0.342237246190798,0.6336827141690426,-0.9576785642147784,0,0,0.0,0.0,0.0,10.5,0.3903372656382205,0.0,0.0,0.0,10.5,-0.9636163578399995,-1,3,0.6336827141690426
219,4,0,-0.9179721902949665,-1,0.697849946074947,1.0,-0.9481024182238877,1,1,0.0,0.0,0.0,11.0,0.5365779348668462,0.0,0.0,0.0,11.0,-0.9179721902949665,-1,4,1.0
220,2,0,0.9490819909237541,1,0.5274789714436781,0.7972905442190332,0.954520604764532,0,0,0.0,0.0,0.0,11.0,0.43002903243268364,0.0,0.0,0.0,11.0,0.9490819909237541,1,2,0.7972905442190332
221,2,0,0.95168709291808,1,0.6562530111107705,1.0,0.9550915637920334,1,1,0.0,0.0,0.0,10.5,0.47088455672263985,0.0,0.0,0.0,10.5,0.95168709291808,1,2,1.0
222,2,0,0.04306173422657711,1,0.4835335900021143,0.8991397307196494,0.08591116516270372,1,1,0.0,0.0,0.0,10.5,0.4613873265192714,0.0,0.0,0.0,10.5,0.04306173422657711,1,2,0.8991397307196494
223,0,0,0.9460100203967686,1,0.49951653525333406,0.7771444894685441,0.953874330961946,0,0,0.0,0.0,0.0,11.0,0.3608805292161168,0.0,0.0,0.0,11.0,0.9460100203967686,1,0,0.7771444894685441
224,2,0,0.9732280045417857,1,0.5718316336277842,0.8244778819080635,0.9593481252713484,0,0,0.0,0.0,0.0,9.5,0.45285499840814747,0.0,0.0,0.0,9.5,0.9732280045417857,1,2,0.8244778819080635
225,0,0,0.9707351403988372,1,0.7567823648994947,1.0,0.9588652952789202,1,1,0.0,0.0,0.0,10.0,0.45016600268752216,0.0,0.0,0.0,10.0,0.9707351403988372,1,0,1.0
226,4,0,-1.0,-1,0.49508754884774603,0.8616094895904614,-0.9640275800758169,1,1,0.0,0.0,0.0,11.0,0.44345931864847826,0.0,0.0,0.0,11.0,-1.0,-1,4,0.8616094895904614
227,0,0,-0.9174268483533321,-1,0.5171945228649746,0.7984101203494791,-0.948022658560323,0,0,0.0,0.0,0.0,10.5,0.37201556877781106,0.0,0.0,0.0,10.5,-0.9174268483533321,-1,0,0.7984101203494791
228,4,0,-0.9158715230303331,-1,0.5611981781165178,0.8278699821646501,-0.9476151812686749,0,0,0.0,0.0,0.0,11.0,0.47316065221227793,0.0,0.0,0.0,11.0,-0.9158715230303331,-1,4,0.8278699821646501
229,4,0,-0.9681279246342087,-1,0.6425090823786355,1.0,-0.9585218088144851,1,1,0.0,0.0,0.0,10.5,0.4843368278314847,0.0,0.0,0.0,10.5,-0.9681279246342087,-1,4,1.0
230,1,0,0.09883235487546414,1,0.2431102012917406,0.5401659210498337,0.19512997505562477,0,0,0.0,0.0,0.0,10.5,0.31596792519536776,0.0,0.0,0.0,10.5,0.09883235487546414,1,1,0.5401659210498337
231,0,0,0.9614774687721794,1,0.5094124631131833,0.7753341557147719,0.9571361609438407,0,0,0.0,0.0,0.0,9.0,0.3736920899851377,0.0,0.0,0.0,9.0,0.9614774687721794,1,0,0.7753341557147719
232,4,0,-0.9461327547481796,-1,0.48895495352362617,0.6908464907916808,-0.9545095269209443,0,0,0.0,0.0,0.0,6.5,0.4356071644241951,0.0,0.0,0.0,6.5,-0.9461327547481796,-1,4,0.6908464907916808
233,0,0,0.9492524941166002,1,0.7530109905425424,1.0,0.9545562145978612,0,0,0.0,0.0,0.0,11.0,0.45016600268752216,0.0,0.0,0.0,11.0,0.9492524941166002,1,0,1.0
234,1,0,-0.9432377486613763,-1,0.4961039482618047,0.9213934872095298,-0.9536856283431243,1,1,0.0,0.0,0.0,10.0,0.4526614164412434,0.0,0.0,0.0,10.0,-0.9432377486613763,-1,1,0.9213934872095298
235,3,0,-0.9371333856141032,-1,0.48099232081659865,0.9126140834990915,-0.9523800868834061,1,1,0.0,0.0,0.0,10.5,0.4961645001902743,0.0,0.0,0.0,10.5,-0.9371333856141032,-1,3,0.9126140834990915
236,1,0,0.9711297493723954,1,0.7773199931208212,1.0,0.958922553309217,1,1,0.0,0.0,0.0,10.5,0.5186546052105948,0.0,0.0,0.0,10.5,0.9711297493723954,1,1,1.0
237,2,0,-0.9308498864022778,-1,0.470345878160529,0.7546391409155919,-0.951443043504085,1,1,0.0,0.0,0.0,6.0,0.4164207370757117,0.0,0.0,0.0,6.0,-0.9308498864022778,-1,2,0.7546391409155919
238,1,0,0.9487151014112888,1,0.3085306581932542,0.6579215022131166,0.9544759883763406,1,1,0.0,0.0,0.0,10.5,0.2954417697240969,0.0,0.0,0.0,10.5,0.9487151014112888,1,1,0.6579215022131166
239,1,0,-0.9703007164672179,-1,0.33014967368347303,0.7198882221540714,-0.9589500858621219,1,1,0.0,0.0,0.0,9.5,0.3638667501560802,0.0,0.0,0.0,9.5,-0.9703007164672179,-1,1,0.7198882221540714
240,0,0,0.9804771914129188,1,0.2571125230021845,0.5054471361937891,0.9606380544666748,0,0,0.0,0.0,0.0,11.0,0.24237696988476676,0.0,0.0,0.0,11.0,0.9804771914129188,1,0,0.5054471361937891
241,0,0,0.9622127283998121,1,0.20034087755536667,0.4766336269829062,0.9572069616465698,0,0,0.0,0.0,0.0,10.5,0.24674116257217785,0.0,0.0,0.0,10.5,0.9622127283998121,1,0,0.4766336269829062
242,1,0,-0.9221934233244805,-1,0.4591673966002892,0.7688158344336841,-0.9490682045552565,0,0,0.0,0.0,0.0,11.0,0.41902091549949005,0.0,0.0,0.0,11.0,-0.9221934233244805,-1,1,0.7688158344336841
243,1,0,0.945705320825003,1,0.661545548778933,0.9920066336570813,0.9539557002550512,1,1,0.0,0.0,0.0,9.0,0.4430343319173037,0.0,0.0,0.0,9.0,0.945705320825003,1,1,0.9920066336570813
244,0,0,-0.9609412001953871,-1,0.6400798656799016,0.9216670871711174,-0.9571525320181611,0,0,0.0,0.0,0.0,11.0,0.42538301155220554,0.0,0.0,0.0,11.0,-0.9609412001953871,-1,0,0.9216670871711174
245,2,0,0.9677588666794349,1,0.21928945268171013,0.47163216704749145,0.9582635470295926,0,0,0.0,0.0,0.0,11.0,0.2859606827852429,0.0,0.0,0.0,11.0,0.9677588666794349,1,2,0.47163216704749145
246,0,0,-0.9227833297541014,-1,0.5419897421564198,0.944094876109032,-0.9492880106601858,1,1,0.0,0.0,0.0,10.0,0.40493469194035375,0.0,0.0,0.0,10.0,-0.9227833297541014,-1,0,0.944094876109032
247,0,0,-0.9186708042239309,-1,0.29256987524808564,0.5406568220543407,-0.9483559418401235,0,0,0.0,0.0,0.0,10.0,0.2715084104788744,0.0,0.0,0.0,10.0,-0.9186708042239309,-1,0,0.5406568220543407
248,2,0,-0.9316344103447911,-1,0.7646457708588186,1.0,-0.9511652985427176,1,1,0.0,0.0,0.0,11.0,0.5186546052105948,0.0,0.0,0.0,11.0,-0.9316344103447911,-1,2,1.0
249,3,0,-0.9213647419864737,-1,0.3004189997865076,0.665679966384272,-0.9488799994766367,1,1,0.0,0.0,0.0,11.0,0.32939594387423,0.0,0.0,0.0,11.0,-0.9213647419864737,-1,3,0.665679966384272
250,2,0,0.955502910605123,1,0.5759835306184891,0.879531432785614,0.9558700037177982,0,0,0.0,0.0,0.0,10.5,0.4893488583144242,0.0,0.0,0.0,10.5,0.955502910605123,1,2,0.879531432785614
251,1,0,0.051703570047231376,1,0.3957430172984341,0.7065418127691637,0.10304013101250402,0,0,0.0,0.0,0.0,10.0,0.39274668408968955,0.0,0.0,0.0,10.0,0.051703570047231376,1,1,0.7065418127691637
252,2,0,0.9599421861617294,1,0.5849367955786113,0.9595230427918864,0.9567590419678625,1,1,0.0,0.0,0.0,10.5,0.4608745068089736,0.0,0.0,0.0,10.5,0.9599421861617294,1,2,0.9595230427918864
253,2,0,-0.912983877871369,-1,0.44735515787844515,0.7145975094948107,-0.9469878795288654,0,0,0.0,0.0,0.0,10.5,0.3923327625945927,0.0,0.0,0.0,10.5,-0.912983877871369,-1,2,0.7145975094948107
254,0,0,0.9523145929482125,1,0.655785831383837,0.9534714988303022,0.9552204914811862,0,0,0.0,0.0,0.0,10.5,0.45016600268752216,0.0,0.0,0.0,10.5,0.9523145929482125,1,0,0.9534714988303022
255,2,0,-0.9277452367042579,-1,0.33840747519671477,0.6626926385153599,-0.9503505513994488,0,0,0.0,0.0,0.0,10.5,0.40686749927973825,0.0,0.0,0.0,10.5,-0.9277452367042579,-1,2,0.6626926385153599
256,3,0,0.9853135666609939,1,0.7434751117485561,0.9914779266042509,0.9615136274703558,0,0,0.0,0.0,0.0,10.5,0.520199364955417,0.0,0.0,0.0,10.5,0.9853135666609939,1,3,0.9914779266042509
257,3,0,-0.9612470472252751,-1,0.5001257895880113,0.9155412790020983,-0.9572110664380784,1,1,0.0,0.0,0.0,11.0,0.4686036612652942,0.0,0.0,0.0,11.0,-0.9612470472252751,-1,3,0.9155412790020983
258,1,0,0.968103492255068,1,0.6536558886277117,1.0,0.9583669903931021,1,1,0.0,0.0,0.0,10.0,0.4750560039836738,0.0,0.0,0.0,10.0,0.968103492255068,1,1,1.0
259,1,0,0.96754035676418,1,0.7098381148407362,0.9671453725447671,0.9582402212781782,0,0,0.0,0.0,0.0,10.5,0.472248066441728,0.0,0.0,0.0,10.5,0.96754035676418,1,1,0.9671453725447671
260,2,0,-0.9426129226178176,-1,0.799297166572883,1.0,-0.9535569773424034,0,0,0.0,0.0,0.0,10.0,0.5186546052105948,0.0,0.0,0.0,10.0,-0.9426129226178176,-1,2,1.0
261,1,0,0.9864773283946594,1,0.33436739935637494,0.5898505901556708,0.961711824080812,0,0,0.0,0.0,0.0,11.0,0.3110580364546508,0.0,0.0,0.0,11.0,0.9864773283946594,1,1,0.5898505901556708
262,2,0,0.95961694118051,1,0.372135448138073,0.6308761825508289,0.9566945051968927,0,0,0.0,0.0,0.0,10.5,0.35179239320491323,0.0,0.0,0.0,10.5,0.95961694118051,1,2,0.6308761825508289
263,3,0,0.9586228797595792,1,0.350259852039133,0.6019824053669987,0.956522377184857,0,0,0.0,0.0,0.0,10.0,0.3520119374236248,0.0,0.0,0.0,10.0,0.9586228797595792,1,3,0.6019824053669987
264,2,0,0.009807765459056839,1,0.3577227992958696,0.63216101685274,0.019613015488836916,0,0,0.0,0.0,0.0,10.5,0.3620508491466707,0.0,0.0,0.0,10.5,0.009807765459056839,1,2,0.63216101685274
265,1,0,-0.9210868910017938,-1,0.5494668449236265,0.9727847147805748,-0.9488167441745814,1,1,0.0,0.0,0.0,11.0,0.47433695357772676,0.0,0.0,0.0,11.0,-0.9210868910017938,-1,1,0.9727847147805748
266,2,0,-0.9183919181668355,-1,0.796113513887506,1.0,-0.9482448131805259,1,1,0.0,0.0,0.0,10.5,0.5186546052105948,0.0,0.0,0.0,10.5,-0.9183919181668355,-1,2,1.0
267,4,0,0.9498497486130479,1,0.7941668522556529,0.9765001113533917,0.9549700739506158,0,0,0.0,0.0,0.0,7.0,0.5504179383152993,0.0,0.0,0.0,7.0,0.9498497486130479,1,4,0.9765001113533917
268,3,0,0.9690326237082022,1,0.5160639388173847,0.7956093782220436,0.9585435933866197,0,0,0.0,0.0,0.0,10.0,0.47587952650453447,0.0,0.0,0.0,10.0,0.9690326237082022,1,3,0.7956093782220436
269,1,0,0.011971399624099585,1,0.5834163261588043,0.7918645711700645,0.023938225166216475,0,0,0.0,0.0,0.0,4.5,0.4505257407445674,0.0,0.0,0.0,4.5,0.011971399624099585,1,1,0.7918645711700645
270,1,0,-0.939327377821993,-1,0.7159823262209637,1.0,-0.9529081607738222,1,1,0.0,0.0,0.0,9.5,0.5121022231386415,0.0,0.0,0.0,9.5,-0.939327377821993,-1,1,1.0
271,2,0,0.9604864468915486,1,0.7597600750721032,0.975856045043262,0.956999030948512,0,0,0.0,0.0,0.0,8.0,0.5186546052105948,0.0,0.0,0.0,8.0,0.9604864468915486,1,2,0.975856045043262
272,0,0,0.9605236022349596,1,0.32231637639772637,0.5860949957113244,0.9568507400888249,0,0,0.0,0.0,0.0,11.0,0.27831669809403964,0.0,0.0,0.0,11.0,0.9605236022349596,1,0,0.5860949957113244
273,1,0,0.9586484242158277,1,0.5171250373654718,0.8872012784273917,0.9565017687785133,1,1,0.0,0.0,0.0,10.5,0.44342870118986555,0.0,0.0,0.0,10.5,0.9586484242158277,1,1,0.8872012784273917
274,1,0,0.9550866320955307,1,0.6997022327969075,1.0,0.9557857265128601,1,1,0.0,0.0,0.0,10.5,0.4635146831151636,0.0,0.0,0.0,10.5,0.9550866320955307,1,1,1.0
275,1,0,-0.9219426927116551,-1,0.38192124598075505,0.6521613449567151,-0.9490542556553876,0,0,0.0,0.0,0.0,10.5,0.34452928851959824,0.0,0.0,0.0,10.5,-0.9219426927116551,-1,1,0.6521613449567151
276,1,0,-0.9453964986898312,-1,0.4638854254882801,0.8480509005706329,-0.9540992712885625,1,1,0.0,0.0,0.0,10.5,0.41784929601902887,0.0,0.0,0.0,10.5,-0.9453964986898312,-1,1,0.8480509005706329
277,5,0,-0.9385310499888457,-1,0.7913726609072049,1.0,-0.9526752301691799,1,1,0.0,0.0,0.0,10.5,0.5616693672347711,0.0,0.0,0.0,10.5,-0.9385310499888457,-1,5,1.0
278,2,0,-0.9645344951945508,-1,0.7910280180325227,1.0,-0.9578353150342042,1,1,0.0,0.0,0.0,11.0,0.5365779348668462,0.0,0.0,0.0,11.0,-0.9645344951945508,-1,2,1.0
279,1,0,0.944420466523231,1,0.7436640864591091,0.9461984518754655,0.9539152690870831,0,0,0.0,0.0,0.0,6.5,0.4933220958903637,0.0,0.0,0.0,6.5,0.944420466523231,1,1,0.9461984518754655
280,1,0,-0.9127663160263165,-1,0.6790690068968346,1.0,-0.9468867850642841,1,1,0.0,0.0,0.0,11.0,0.4638728505359604,0.0,0.0,0.0,11.0,-0.9127663160263165,-1,1,1.0
281,0,0,-0.9325781252370198,-1,0.36147830043368345,0.6768831008333419,-0.9513702357907503,0,0,0.0,0.0,0.0,11.0,0.3429856033473801,0.0,0.0,0.0,11.0,-0.9325781252370198,-1,0,0.6768831008333419
282,2,0,-1.0,-1,0.3925100444403125,0.638895278309444,-0.9640275800758169,0,0,0.0,0.0,0.0,8.5,0.38933810894751936,0.0,0.0,0.0,8.5,-1.0,-1,2,0.638895278309444
283,4,0,-0.9510865305698813,-1,0.5283697047229249,0.8536016594513948,-0.9552240216054388,0,0,0.0,0.0,0.0,11.0,0.5242232079208631,0.0,0.0,0.0,11.0,-0.9510865305698813,-1,4,0.8536016594513948
284,2,0,0.9633260001667311,1,0.5364664247372073,0.8047434630847562,0.957403421190853,0,0,0.0,0.0,0.0,11.0,0.4323030990662246,0.0,0.0,0.0,11.0,0.9633260001667311,1,2,0.8047434630847562
285,3,0,-0.9283643093805115,-1,0.5033016916142403,0.8126174092254825,-0.9504486286982425,0,0,0.0,0.0,0.0,11.0,0.4811183243315676,0.0,0.0,0.0,11.0,-0.9283643093805115,-1,3,0.8126174092254825
286,0,0,0.9503362325836396,1,0.5820021679497838,0.9092013007698704,0.9548447962268902,0,0,0.0,0.0,0.0,10.0,0.45016600268752216,0.0,0.0,0.0,10.0,0.9503362325836396,1,0,0.9092013007698704
287,0,0,-0.9582180597224186,-1,0.44499381357979334,0.8093578297996307,-0.9566279001797409,1,1,0.0,0.0,0.0,11.0,0.36445350462397286,0.0,0.0,0.0,11.0,-0.9582180597224186,-1,0,0.8093578297996307
288,2,0,0.9721551565790828,1,0.6495044943893198,0.9575385239803011,0.9592676649462397,1,1,0.0,0.0,0.0,6.5,0.5004587032063543,0.0,0.0,0.0,6.5,0.9721551565790828,1,2,0.9575385239803011
289,3,0,-0.9163131070253892,-1,0.4001299558870133,0.7784456344970265,-0.947717972123835,1,1,0.0,0.0,0.0,11.0,0.40112688825488924,0.0,0.0,0.0,11.0,-0.9163131070253892,-1,3,0.7784456344970265
290,1,0,0.9454204713342879,1,0.39840619816781153,0.6948110244490822,0.9537839529681015,0,0,0.0,0.0,0.0,10.5,0.3785375230727381,0.0,0.0,0.0,10.5,0.9454204713342879,1,1,0.6948110244490822
291,3,0,0.988856553720168,1,0.2763355771350968,0.631847644646002,0.9621354292512018,1,1,0.0,0.0,0.0,10.5,0.3104238342871486,0.0,0.0,0.0,10.5,0.988856553720168,1,3,0.631847644646002
292,3,0,0.9700001231532881,1,0.3132273260173516,0.5748557147692591,0.9587090003837327,0,0,0.0,0.0,0.0,10.5,0.34699158804369873,0.0,0.0,0.0,10.5,0.9700001231532881,1,3,0.5748557147692591
293,2,0,-0.9229008520285158,-1,0.7103125273528146,1.0,-0.9492705591928348,1,1,0.0,0.0,0.0,10.5,0.5124450794793635,0.0,0.0,0.0,10.5,-0.9229008520285158,-1,2,1.0
294,2,0,-0.934591868116493,-1,0.467769403148265,0.7461148719308573,-0.9518387891403675,0,0,0.0,0.0,0.0,10.5,0.4131866441718107,0.0,0.0,0.0,10.5,-0.934591868116493,-1,2,0.7461148719308573
295,1,0,-0.9193976396588516,-1,0.3367206719317003,0.7194266582947122,-0.948475342071983,1,1,0.0,0.0,0.0,10.5,0.33884645016934295,0.0,0.0,0.0,10.5,-0.9193976396588516,-1,1,0.7194266582947122
296,2,0,0.9546531039654852,1,0.6556046600134325,0.8933627960080596,0.9558889736333955,0,0,0.0,0.0,0.0,7.5,0.5186546052105948,0.0,0.0,0.0,7.5,0.9546531039654852,1,2,0.8933627960080596
297,1,0,-0.9114036543542684,-1,0.5323886754901157,0.785261221166606,-0.9466679763940794,0,0,0.0,0.0,0.0,10.0,0.4108416497905805,0.0,0.0,0.0,10.0,-0.9114036543542684,-1,1,0.785261221166606
298,0,0,-0.9278798387624712,-1,0.2126936068539761,0.5804105046080225,-0.9504203769920292,1,1,0.0,0.0,0.0,10.0,0.24371376722285293,0.0,0.0,0.0,10.0,-0.9278798387624712,-1,0,0.5804105046080225
299,0,0,0.9718599088947177,1,0.38981687440202917,0.6424670531235634,0.959044137180266,0,0,0.0,0.0,0.0,11.0,0.292886957018505,0.0,0.0,0.0,11.0,0.9718599088947177,1,0,0.6424670531235634
300,1,0,-0.9217658456676412,-1,0.30620084667280467,0.5754305845356512,-0.9490142345347624,0,0,0.0,0.0,0.0,10.5,0.3134545918465868,0.0,0.0,0.0,10.5,-0.9217658456676412,-1,1,0.5754305845356512
301,0,0,0.9885342471409195,1,0.5935237165897045,0.7954052598438375,0.9621466329492848,0,0,0.0,0.0,0.0,6.0,0.4053576507352655,0.0,0.0,0.0,6.0,0.9885342471409195,1,0,0.7954052598438375
302,0,0,0.06527277143797912,1,0.36501862437815175,0.6094352269998982,0.12980897181500972,0,0,0.0,0.0,0.0,10.5,0.2762595993741238,0.0,0.0,0.0,10.5,0.06527277143797912,1,0,0.6094352269998982
303,1,0,0.9758814065114467,1,0.2389680675259662,0.4947159319230299,0.9598090612349771,0,0,0.0,0.0,0.0,10.5,0.2757373554160892,0.0,0.0,0.0,10.5,0.9758814065114467,1,1,0.4947159319230299
304,3,0,0.938948562867425,1,0.23296099351860156,0.5793956532669311,0.9525237139651309,1,1,0.0,0.0,0.0,9.0,0.3197022116284289,0.0,0.0,0.0,9.0,0.938948562867425,1,3,0.5793956532669311
305,1,0,0.9618373646447489,1,0.549036378775229,0.917489784614332,0.9571332263952651,1,1,0.0,0.0,0.0,10.5,0.413283631910096,0.0,0.0,0.0,10.5,0.9618373646447489,1,1,0.917489784614332
306,1,0,-0.9339190005192384,-1,0.21303407342245378,0.45717656914268046,-0.9517675846607297,0,0,0.0,0.0,0.0,9.5,0.27396245797431995,0.0,0.0,0.0,9.5,-0.9339190005192384,-1,1,0.45717656914268046
307,1,0,-0.9355979233955453,-1,0.7092752678816534,1.0,-0.9521621025541599,1,1,0.0,0.0,0.0,9.0,0.4933220958903637,0.0,0.0,0.0,9.0,-0.9355979233955453,-1,1,1.0
308,4,0,0.9520560288548425,1,0.2932382715543654,0.5399214805616666,0.955297749156517,0,0,0.0,0.0,0.0,8.5,0.3776024315093281,0.0,0.0,0.0,8.5,0.9520560288548425,1,4,0.5399214805616666
309,1,0,0.96276807354873,1,0.5639398011172579,0.8459013707730242,0.957315824368245,0,0,0.0,0.0,0.0,10.5,0.4346768828529228,0.0,0.0,0.0,10.5,0.96276807354873,1,1,0.8459013707730242
310,6,0,0.014089775700162002,1,0.4668128168064475,0.8773695093673137,0.028172094762558605,1,1,0.0,0.0,0.0,10.5,0.5010614294153743,0.0,0.0,0.0,10.5,0.014089775700162002,1,6,0.8773695093673137
311,0,0,-0.9586074587307771,-1,0.46571091273914156,0.8195927238734371,-0.9567033037044961,1,1,0.0,0.0,0.0,11.0,0.3231676871474761,0.0,0.0,0.0,11.0,-0.9586074587307771,-1,0,0.8195927238734371
312,1,0,-0.955093258123983,-1,0.24307828541602755,0.6122428964003449,-0.9560848485879844,1,1,0.0,0.0,0.0,9.5,0.2726501059037011,0.0,0.0,0.0,9.5,-0.955093258123983,-1,1,0.6122428964003449
313,1,0,-0.9622099554747854,-1,0.6816513501273295,0.9565871341069568,-0.9573948419601633,0,0,0.0,0.0,0.0,11.0,0.47937926624911603,0.0,0.0,0.0,11.0,-0.9622099554747854,-1,1,0.9565871341069568
314,0,0,-0.9702435893433257,-1,0.7358314908519517,1.0,-0.9588982958145309,0,0,0.0,0.0,0.0,11.0,0.45016600268752216,0.0,0.0,0.0,11.0,-0.9702435893433257,-1,0,1.0
315,1,0,-0.9058014741730491,-1,0.2066100004305371,0.4742269089646416,-0.9452725612053194,0,0,0.0,0.0,0.0,10.5,0.27477305806188046,0.0,0.0,0.0,10.5,-0.9058014741730491,-1,1,0.4742269089646416
316,0,0,0.9654175619710686,1,0.30716250541827067,0.560545469322723,0.9578523160529688,0,0,0.0,0.0,0.0,10.0,0.2636886219235666,0.0,0.0,0.0,10.0,0.9654175619710686,1,0,0.560545469322723
317,5,0,-0.9031903295359717,-1,0.7423425132772874,1.0,-0.944577958778512,1,1,0.0,0.0,0.0,11.0,0.5616693672347711,0.0,0.0,0.0,11.0,-0.9031903295359717,-1,5,1.0
318,3,0,-0.9823427289216661,-1,0.5296961676800349,0.8020854345164147,-0.9610650466442145,0,0,0.0,0.0,0.0,11.0,0.4515966586774437,0.0,0.0,0.0,11.0,-0.9823427289216661,-1,3,0.8020854345164147
319,0,0,-0.9203654422230576,-1,0.2900237469489261,0.6694795462921299,-0.9486521437285473,1,1,0.0,0.0,0.0,11.0,0.28081830777120564,0.0,0.0,0.0,11.0,-0.9203654422230576,-1,0,0.6694795462921299
320,2,0,-0.9213836035631211,-1,0.32167427156549533,0.5683224284251263,-0.9491725153185695,0,0,0.0,0.0,0.0,8.0,0.35975756549007837,0.0,0.0,0.0,8.0,-0.9213836035631211,-1,2,0.5683224284251263
321,3,0,0.9843152133369147,1,0.5959917465422686,0.9610482747635635,0.9613735375871549,1,1,0.0,0.0,0.0,8.5,0.4775632262821661,0.0,0.0,0.0,8.5,0.9843152133369147,1,3,0.9610482747635635
322,1,0,-0.9614519410492518,-1,0.6348900933481239,0.9173076784124241,-0.9572502362077817,0,0,0.0,0.0,0.0,11.0,0.4667909858917588,0.0,0.0,0.0,11.0,-0.9614519410492518,-1,1,0.9173076784124241
323,1,0,-0.9354185204647862,-1,0.5596560851479613,0.9289552033941584,-0.9520155065963255,1,1,0.0,0.0,0.0,10.5,0.41885239009162145,0.0,0.0,0.0,10.5,-0.9354185204647862,-1,1,0.9289552033941584
324,3,0,0.977483906030577,1,0.7718890279475155,1.0,0.9602239883541249,1,1,0.0,0.0,0.0,6.5,0.5504179383152993,0.0,0.0,0.0,6.5,0.977483906030577,1,3,1.0
325,2,0,0.9516387062712892,1,0.49643816219706627,0.8501050228993134,0.9551448107384194,1,1,0.0,0.0,0.0,9.5,0.42061302786544497,0.0,0.0,0.0,9.5,0.9516387062712892,1,2,0.8501050228993134
326,1,0,0.9548827459285061,1,0.38016314728551603,0.6428633724385211,0.955772891011326,0,0,0.0,0.0,0.0,10.0,0.3362013728855715,0.0,0.0,0.0,10.0,0.9548827459285061,1,1,0.6428633724385211
327,1,0,-0.8885403986497799,-1,0.48633974598547797,0.752456565480361,-0.9409267992655903,0,0,0.0,0.0,0.0,10.5,0.38372291139235476,0.0,0.0,0.0,10.5,-0.8885403986497799,-1,1,0.752456565480361
328,2,0,0.952104150911398,1,0.4157997761999666,0.7226094622106704,0.9551772939032266,0,0,0.0,0.0,0.0,10.5,0.4215865710472218,0.0,0.0,0.0,10.5,0.952104150911398,1,2,0.7226094622106704
329,1,0,0.9566502554080921,1,0.3346495356048118,0.6615388133338341,0.9560752901625589,0,0,0.0,0.0,0.0,11.0,0.38382547384897,0.0,0.0,0.0,11.0,0.9566502554080921,1,1,0.6615388133338341
330,1,0,-0.9394917076821283,-1,0.22757794960408406,0.544347284475523,-0.9528770554046917,0,0,0.0,0.0,0.0,10.5,0.32924299044242394,0.0,0.0,0.0,10.5,-0.9394917076821283,-1,1,0.544347284475523
331,0,0,0.9583491122106944,1,0.41132749613907454,0.6492441235984371,0.9564679406538656,0,0,0.0,0.0,0.0,10.0,0.2872074426364046,0.0,0.0,0.0,10.0,0.9583491122106944,1,0,0.6492441235984371
332,1,0,-0.9501143033054987,-1,0.6268456086258454,0.9361073651755073,-0.9550292263841865,0,0,0.0,0.0,0.0,11.0,0.4933220958903637,0.0,0.0,0.0,11.0,-0.9501143033054987,-1,1,0.9361073651755073
333,0,0,0.948019857246133,1,0.2110626817251163,0.4913799162439456,0.9543998388823588,0,0,0.0,0.0,0.0,9.5,0.27117690956075335,0.0,0.0,0.0,9.5,0.948019857246133,1,0,0.4913799162439456
334,3,0,0.05741268220175573,1,0.46350710792356087,0.7643995168614813,0.11432335950097418,0,0,0.0,0.0,0.0,8.0,0.47624345718929995,0.0,0.0,0.0,8.0,0.05741268220175573,1,3,0.7643995168614813
335,1,0,-0.9327945520209587,-1,0.5864056408699211,0.9118433845219527,-0.9514889926327346,0,0,0.0,0.0,0.0,10.0,0.4933220958903637,0.0,0.0,0.0,10.0,-0.9327945520209587,-1,1,0.9118433845219527
336,1,0,-0.9065980627190404,-1,0.5662424655045843,0.8818946245335167,-0.9454105492488104,0,0,0.0,0.0,0.0,11.0,0.4732650097575668,0.0,0.0,0.0,11.0,-0.9065980627190404,-1,1,0.8818946245335167
337,0,0,-0.9314165898113954,-1,0.6659890615332296,0.9434308116879129,-0.9511178771337296,0,0,0.0,0.0,0.0,11.0,0.4322365621080058,0.0,0.0,0.0,11.0,-0.9314165898113954,-1,0,0.9434308116879129
338,5,0,-0.9512176157266927,-1,0.6863118293958785,1.0,-0.9552738449854068,1,1,0.0,0.0,0.0,10.5,0.5294826219557333,0.0,0.0,0.0,10.5,-0.9512176157266927,-1,5,1.0
339,2,0,-0.9234425880958025,-1,0.6270234925516327,0.886266771987904,-0.9493924594852609,0,0,0.0,0.0,0.0,10.5,0.46254283777086486,0.0,0.0,0.0,10.5,-0.9234425880958025,-1,2,0.886266771987904
340,4,0,-0.950200803491503,-1,0.2616786176868497,0.5282944406871825,-0.9550708128478121,0,0,0.0,0.0,0.0,10.5,0.34370022806746364,0.0,0.0,0.0,10.5,-0.950200803491503,-1,4,0.5282944406871825
341,2,0,0.9508501262391483,1,0.48501346640261644,0.7758735343429322,0.9549190339593985,0,0,0.0,0.0,0.0,10.5,0.43451522627088185,0.0,0.0,0.0,10.5,0.9508501262391483,1,2,0.7758735343429322
342,4,0,-0.9507900287593886,-1,0.5620435744925653,0.8845784896093903,-0.9551647021130663,0,0,0.0,0.0,0.0,11.0,0.5362972932485047,0.0,0.0,0.0,11.0,-0.9507900287593886,-1,4,0.8845784896093903
343,3,0,0.9570184957699084,1,0.34733962328567103,0.6103566680359518,0.956175515355272,0,0,0.0,0.0,0.0,10.5,0.3624749073621593,0.0,0.0,0.0,10.5,0.9570184957699084,1,3,0.6103566680359518
344,1,0,-0.9524905355636957,-1,0.22553109058806592,0.4932439739285225,-0.9555038734537388,0,0,0.0,0.0,0.0,11.0,0.28169906262285704,0.0,0.0,0.0,11.0,-0.9524905355636957,-1,1,0.4932439739285225
345,4,0,-0.9361914734918055,-1,0.33415419252562817,0.7173930399281058,-0.9521801722030554,1,1,0.0,0.0,0.0,10.5,0.3781579749821752,0.0,0.0,0.0,10.5,-0.9361914734918055,-1,4,0.7173930399281058
346,0,0,-0.9288656778310406,-1,0.4729366410395834,0.8385062805694712,-0.9505591693885518,1,1,0.0,0.0,0.0,11.0,0.33767987768730867,0.0,0.0,0.0,11.0,-0.9288656778310406,-1,0,0.8385062805694712
347,1,0,0.9689381850821084,1,0.44835819143276057,0.853266888748003,0.9584894974752978,1,1,0.0,0.0,0.0,11.0,0.409126071866264,0.0,0.0,0.0,11.0,0.9689381850821084,1,1,0.853266888748003
348,5,0,0.9441380898098206,1,0.306000188796297,0.6066714017151005,0.9541649191850368,1,1,0.0,0.0,0.0,4.0,0.4089665287793006,0.0,0.0,0.0,4.0,0.9441380898098206,1,5,0.6066714017151005
349,2,0,-0.9225788597824395,-1,0.6946493256100958,1.0,-0.949242058793456,1,1,0.0,0.0,0.0,10.0,0.4933220958903637,0.0,0.0,0.0,10.0,-0.9225788597824395,-1,2,1.0
350,8,0,0.9509972639870804,1,0.7554120012420349,1.0,0.9549494113417181,0,0,0.0,0.0,0.0,10.5,0.5864493106196265,0.0,0.0,0.0,10.5,0.9509972639870804,1,8,1.0
351,2,0,-0.977274096233958,-1,0.32080899143162916,0.6339471558600793,-0.9601913359369904,0,0,0.0,0.0,0.0,10.0,0.3872778910835643,0.0,0.0,0.0,10.0,-0.977274096233958,-1,2,0.6339471558600793
352,0,0,-0.9065746336167169,-1,0.7577437493403332,1.0,-0.9454597695589593,0,0,0.0,0.0,0.0,10.5,0.45016600268752216,0.0,0.0,0.0,10.5,-0.9065746336167169,-1,0,1.0
353,2,0,0.9819168397206021,1,0.2107165755051085,0.5628759764394714,0.9609287379352884,1,1,0.0,0.0,0.0,9.5,0.28265297969542497,0.0,0.0,0.0,9.5,0.9819168397206021,1,2,0.5628759764394714
354,2,0,0.006658894170508078,1,0.7549774836241674,1.0,0.013317001033748629,1,1,0.0,0.0,0.0,10.5,0.5186546052105948,0.0,0.0,0.0,10.5,0.006658894170508078,1,2,1.0
355,1,0,0.023769609209267423,1,0.7711572740485448,1.0,0.04750343824516919,0,0,0.0,0.0,0.0,10.0,0.4933220958903637,0.0,0.0,0.0,10.0,0.023769609209267423,1,1,1.0
356,2,0,0.953890512971895,1,0.20723111780955514,0.4540225411997516,0.955701553152178,0,0,0.0,0.0,0.0,8.0,0.2948862371158655,0.0,0.0,0.0,8.0,0.953890512971895,1,2,0.4540225411997516
357,1,0,0.9630331014779288,1,0.657811578066049,1.0,0.9573676815008361,1,1,0.0,0.0,0.0,10.5,0.46158777381464816,0.0,0.0,0.0,10.5,0.9630331014779288,1,1,1.0
358,1,0,-0.9757148069660929,-1,0.7821209435419061,1.0,-0.9599138912136017,1,1,0.0,0.0,0.0,10.0,0.4933220958903637,0.0,0.0,0.0,10.0,-0.9757148069660929,-1,1,1.0
359,4,0,-0.9630124045808075,-1,0.7435413312906671,1.0,-0.9575644155038874,0,0,0.0,0.0,0.0,10.5,0.5504179383152993,0.0,0.0,0.0,10.5,-0.9630124045808075,-1,4,1.0
360,0,0,0.049588086600969535,1,0.7824260967177279,1.0,0.09885228468997558,1,1,0.0,0.0,0.0,9.0,0.45016600268752216,0.0,0.0,0.0,9.0,0.049588086600969535,1,0,1.0
361,0,0,-0.9317310218365678,-1,0.5301941034185836,0.9505839590181546,-0.9512222994246926,1,1,0.0,0.0,0.0,10.5,0.4197264931282901,0.0,0.0,0.0,10.5,-0.9317310218365678,-1,0,0.9505839590181546
362,2,0,0.967188826011504,1,0.24689368393123298,0.5739074293759951,0.9582793566201268,1,1,0.0,0.0,0.0,8.0,0.3101589197186639,0.0,0.0,0.0,8.0,0.967188826011504,1,2,0.5739074293759951
363,0,0,-0.9252306014568835,-1,0.7098735186830218,0.9859241112098132,-0.9497927728546118,0,0,0.0,0.0,0.0,10.5,0.45016600268752216,0.0,0.0,0.0,10.5,-0.9252306014568835,-1,0,0.9859241112098132
364,1,0,-0.9709217954060372,-1,0.568296953485407,0.950414051031252,-0.9590631293153622,1,1,0.0,0.0,0.0,9.5,0.4590291327155856,0.0,0.0,0.0,9.5,-0.9709217954060372,-1,1,0.950414051031252
365,2,0,-0.9558226283769299,-1,0.5688420465129735,0.8739510481226379,-0.9562039625443804,0,0,0.0,0.0,0.0,10.0,0.48789218327857414,0.0,0.0,0.0,10.0,-0.9558226283769299,-1,2,0.8739510481226379
366,1,0,-0.9965627023918889,-1,0.45035216591521177,0.7139727378464361,-0.9634730199721961,0,0,0.0,0.0,0.0,9.5,0.3870364180536401,0.0,0.0,0.0,9.5,-0.9965627023918889,-1,1,0.7139727378464361
367,1,0,-0.9168042680683652,-1,0.5431051859126655,0.826283693877545,-0.947977949063707,0,0,0.0,0.0,0.0,9.5,0.4268241199314345,0.0,0.0,0.0,9.5,-0.9168042680683652,-1,1,0.826283693877545
368,2,0,-0.9240547399247628,-1,0.29214786745166876,0.5748238523613839,-0.9494884786930743,0,0,0.0,0.0,0.0,11.0,0.3435669220258026,0.0,0.0,0.0,11.0,-0.9240547399247628,-1,2,0.5748238523613839
369,3,0,-0.9257685893581312,-1,0.6438620159396903,0.9248440933893399,-0.9498724671229589,0,0,0.0,0.0,0.0,11.0,0.5124835470060505,0.0,0.0,0.0,11.0,-0.9257685893581312,-1,3,0.9248440933893399
370,4,0,0.9629192832716204,1,0.24501038441092543,0.6118379893626114,0.9573454186259155,1,1,0.0,0.0,0.0,10.5,0.33717752822132135,0.0,0.0,0.0,10.5,0.9629192832716204,1,4,0.6118379893626114
371,5,0,0.9658222502215741,1,0.6378684602262753,0.9198095065900713,0.9579097011450097,0,0,0.0,0.0,0.0,10.5,0.5361462834735586,0.0,0.0,0.0,10.5,0.9658222502215741,1,5,0.9198095065900713
372,1,0,-0.9207647285714582,-1,0.7093870535749125,1.0,-0.9488798832512093,1,1,0.0,0.0,0.0,9.5,0.48685923003270853,0.0,0.0,0.0,9.5,-0.9207647285714582,-1,1,1.0
373,3,0,-0.9788248460193436,-1,0.483481206538693,0.7740836960890761,-0.960455951635344,0,0,0.0,0.0,0.0,10.5,0.45129269553457224,0.0,0.0,0.0,10.5,-0.9788248460193436,-1,3,0.7740836960890761
374,1,0,0.9560702818834317,1,0.5058982196342297,0.8125352342209732,0.9559580119408955,0,0,0.0,0.0,0.0,11.0,0.43629072088454146,0.0,0.0,0.0,11.0,0.9560702818834317,1,1,0.8125352342209732
375,1,0,0.9462739484926466,1,0.387328563753247,0.7423398262366111,0.9540742697192057,1,1,0.0,0.0,0.0,9.0,0.3516096925497049,0.0,0.0,0.0,9.0,0.9462739484926466,1,1,0.7423398262366111
376,0,0,0.946489142053131,1,0.7816751502353527,0.9690050901412116,0.9544421184547304,0,0,0.0,0.0,0.0,5.5,0.45016600268752216,0.0,0.0,0.0,5.5,0.946489142053131,1,0,0.9690050901412116
377,1,0,0.9567763174467148,1,0.6398746847357273,1.0,0.9561539092204434,1,1,0.0,0.0,0.0,10.0,0.4933220958903637,0.0,0.0,0.0,10.0,0.9567763174467148,1,1,1.0
378,1,0,-0.9532776817468614,-1,0.421393131980207,0.8503786328848278,-0.9556600220275348,1,1,0.0,0.0,0.0,11.0,0.4236589511213084,0.0,0.0,0.0,11.0,-0.9532776817468614,-1,1,0.8503786328848278
379,2,0,0.9822302903261533,1,0.30488443173980306,0.6494903947125867,0.9610065915012932,1,1,0.0,0.0,0.0,8.5,0.35073087462899144,0.0,0.0,0.0,8.5,0.9822302903261533,1,2,0.6494903947125867
380,0,0,-0.9467153743691098,-1,0.33174775532125483,0.5984412448718656,-0.9543416895758909,0,0,0.0,0.0,0.0,11.0,0.28440128546606536,0.0,0.0,0.0,11.0,-0.9467153743691098,-1,0,0.5984412448718656
381,1,0,0.9594342809854814,1,0.4783533716660301,0.7705935406952183,0.9566582195351273,0,0,0.0,0.0,0.0,10.5,0.40839692415023254,0.0,0.0,0.0,10.5,0.9594342809854814,1,1,0.7705935406952183
382,5,0,-0.95931464661282,-1,0.7655410401886029,1.0,-0.9568589342655205,1,1,0.0,0.0,0.0,10.5,0.5711335578725031,0.0,0.0,0.0,10.5,-0.95931464661282,-1,5,1.0
383,2,0,-0.9419889062332502,-1,0.640487807456551,1.0,-0.9533685289695195,1,1,0.0,0.0,0.0,11.0,0.5186546052105948,0.0,0.0,0.0,11.0,-0.9419889062332502,-1,2,1.0
384,4,0,0.9705538337174127,1,0.3291462489074899,0.6954944688470737,0.958813813395915,1,1,0.0,0.0,0.0,10.5,0.3583814211010541,0.0,0.0,0.0,10.5,0.9705538337174127,1,4,0.6954944688470737
385,0,0,-0.9201933570897943,-1,0.715736680051339,0.9604538210420247,-0.948657025732559,0,0,0.0,0.0,0.0,10.5,0.41813190372392844,0.0,0.0,0.0,10.5,-0.9201933570897943,-1,0,0.9604538210420247
386,0,0,0.9528018673408366,1,0.4269203138058087,0.8407494211624724,0.9552913513982334,1,1,0.0,0.0,0.0,11.0,0.36834753793160474,0.0,0.0,0.0,11.0,0.9528018673408366,1,0,0.8407494211624724
387,0,0,0.04479469936993327,1,0.7110333096515113,0.9140883285606799,0.08935047649130587,0,0,0.0,0.0,0.0,7.0,0.4362507279125281,0.0,0.0,0.0,7.0,0.04479469936993327,1,0,0.9140883285606799
388,1,0,-0.9189899871681058,-1,0.34501975878867863,0.6315003778472937,-0.9483369008920963,0,0,0.0,0.0,0.0,11.0,0.3460347859065619,0.0,0.0,0.0,11.0,-0.9189899871681058,-1,1,0.6315003778472937
389,1,0,0.9685951815737072,1,0.5711963671617906,0.8433900235331606,0.9584418829547496,0,0,0.0,0.0,0.0,10.5,0.42710115326952125,0.0,0.0,0.0,10.5,0.9685951815737072,1,1,0.8433900235331606
390,2,0,-0.9183927847095484,-1,0.7560022928487693,1.0,-0.948245012238739,0,0,0.0,0.0,0.0,10.5,0.5186546052105948,0.0,0.0,0.0,10.5,-0.9183927847095484,-1,2,1.0
391,1,0,-0.9672414262540631,-1,0.3547364054886765,0.6689659209592833,-0.9583574243945244,0,0,0.0,0.0,0.0,10.5,0.3789152795086044,0.0,0.0,0.0,10.5,-0.9672414262540631,-1,1,0.6689659209592833
392,1,0,-0.9440353237982904,-1,0.615755954351513,0.9294535726109078,-0.9537923389851415,0,0,0.0,0.0,0.0,11.0,0.4933220958903637,0.0,0.0,0.0,11.0,-0.9440353237982904,-1,1,0.9294535726109078
393,0,0,0.9541547112131108,1,0.7923875719742863,0.9954325431845717,0.9557901973533793,0,0,0.0,0.0,0.0,7.5,0.45016600268752216,0.0,0.0,0.0,7.5,0.9541547112131108,1,0,0.9954325431845717
394,0,0,0.9440968527544892,1,0.2903589723458021,0.5577610557791657,0.9535401002851693,0,0,0.0,0.0,0.0,10.0,0.27011395882011435,0.0,0.0,0.0,10.0,0.9440968527544892,1,0,0.5577610557791657
395,1,0,-0.9634057373655687,-1,0.25304137442040464,0.6622714736850852,-0.9576562465432201,1,1,0.0,0.0,0.0,10.0,0.35212688577262063,0.0,0.0,0.0,10.0,-0.9634057373655687,-1,1,0.6622714736850852
396,2,0,-0.9376333677974216,-1,0.6045171154668898,0.9917943769921875,-0.9524858733138815,1,1,0.0,0.0,0.0,10.5,0.48388846903342847,0.0,0.0,0.0,10.5,-0.9376333677974216,-1,2,0.9917943769921875
397,2,0,-0.9241507289388203,-1,0.4038415686494182,0.8334812211367669,-0.9495100605990081,1,1,0.0,0.0,0.0,11.0,0.4731889258294023,0.0,0.0,0.0,11.0,-0.9241507289388203,-1,2,0.8334812211367669
398,1,0,-0.935415082058153,-1,0.2427466864199547,0.5680126745033695,-0.9520147728631049,0,0,0.0,0.0,0.0,10.5,0.343875197963162,0.0,0.0,0.0,10.5,-0.935415082058153,-1,1,0.5680126745033695
399,2,0,-0.9557649439359244,-1,0.48518337073016254,0.7523545944160123,-0.9561499160451239,0,0,0.0,0.0,0.0,11.0,0.40860231282104054,0.0,0.0,0.0,11.0,-0.9557649439359244,-1,2,0.7523545944160123
